{
  "protocol_version" : "0.0.6",
  "configuration" : {
    "version" : "(6.13.0) (explicit/2db7aa41)",
    "tlc" : "__thread",
    "sigsgev" : "normal",
    "notifications" : "kqueue",
    "architecture" : "arm64",
    "disabled_features" : "com,shared_perfcounters",
    "smallconfig" : "disabled",
    "bigarrays" : "disabled",
    "softdebug" : "enabled",
    "interpreter" : "enabled",
    "llvm_support" : "disabled",
    "suspend" : "preemptive"
  },
  "memory" : {
    "Resident Size" : "742588416",
    "Virtual Size" : "422840352768",
    "minor_gc_time" : "0",
    "major_gc_time" : "38310681",
    "minor_gc_count" : "0",
    "major_gc_count" : "76",
    "major_gc_time_concurrent" : "0"
 },
  "threads" : [
 {
    "is_managed" : true,
    "offset_free_hash" : "0x1491e05bce",
    "offset_rich_hash" : "0x1491e05fb6",
    "crashed" : false,
    "native_thread_id" : "0x2b5c13000",
    "thread_info_addr" : "0x125851600",
    "thread_name" : "Burst-CompilerThread-7",
    "ctx" : {
      "IP" : "0x1a0be7710",
      "SP" : "0x2b5c11a80",
      "BP" : "0x2b5c11b10"
  },
    "managed_frames" : [
  {
      "is_managed" : "false",
      "native_address" : "unregistered"
   }
,
  {
      "is_managed" : "true",
      "guid" : "8F2B770C-4A1B-401A-99BA-9ED80A5C09B9",
      "token" : "0x00000",
      "native_offset" : "0x0",
      "filename" : "mscorlib.dll",
      "sizeofimage" : "0x470000",
      "timestamp" : "0xa6d36809",
      "il_offset" : "0xffffffff"
   }
,
  {
      "is_managed" : "true",
      "guid" : "8F2B770C-4A1B-401A-99BA-9ED80A5C09B9",
      "token" : "0x60020b3",
      "native_offset" : "0x0",
      "filename" : "mscorlib.dll",
      "sizeofimage" : "0x470000",
      "timestamp" : "0xa6d36809",
      "il_offset" : "0x000c7"
   }
,
  {
      "is_managed" : "true",
      "guid" : "8F2B770C-4A1B-401A-99BA-9ED80A5C09B9",
      "token" : "0x60020a5",
      "native_offset" : "0x0",
      "filename" : "mscorlib.dll",
      "sizeofimage" : "0x470000",
      "timestamp" : "0xa6d36809",
      "il_offset" : "0x000a1"
   }
,
  {
      "is_managed" : "true",
      "guid" : "8F2B770C-4A1B-401A-99BA-9ED80A5C09B9",
      "token" : "0x60020a9",
      "native_offset" : "0x0",
      "filename" : "mscorlib.dll",
      "sizeofimage" : "0x470000",
      "timestamp" : "0xa6d36809",
      "il_offset" : "0x00000"
   }
,
  {
      "is_managed" : "true",
      "guid" : "7B6D8D81-9F48-4934-AAE9-99CADEAF7AA9",
      "token" : "0x6003ffb",
      "native_offset" : "0x0",
      "filename" : "System.dll",
      "sizeofimage" : "0x29a000",
      "timestamp" : "0x94577df8",
      "il_offset" : "0x0006e"
   }
,
  {
      "is_managed" : "true",
      "guid" : "7B6D8D81-9F48-4934-AAE9-99CADEAF7AA9",
      "token" : "0x6003ffa",
      "native_offset" : "0x0",
      "filename" : "System.dll",
      "sizeofimage" : "0x29a000",
      "timestamp" : "0x94577df8",
      "il_offset" : "0x0003c"
   }
,
  {
      "is_managed" : "true",
      "guid" : "7B6D8D81-9F48-4934-AAE9-99CADEAF7AA9",
      "token" : "0x6003ff5",
      "native_offset" : "0x0",
      "filename" : "System.dll",
      "sizeofimage" : "0x29a000",
      "timestamp" : "0x94577df8",
      "il_offset" : "0x00000"
   }
,
  {
      "is_managed" : "true",
      "guid" : "772865CD-AE2D-4BFF-9C30-5A06338CABCF",
      "token" : "0x6000b6c",
      "native_offset" : "0x0",
      "filename" : "Burst.Compiler.IL.dll",
      "sizeofimage" : "0x1a4000",
      "timestamp" : "0x8dcf0254",
      "il_offset" : "0x00024"
   }
,
  {
      "is_managed" : "true",
      "guid" : "772865CD-AE2D-4BFF-9C30-5A06338CABCF",
      "token" : "0x6000bc3",
      "native_offset" : "0x0",
      "filename" : "Burst.Compiler.IL.dll",
      "sizeofimage" : "0x1a4000",
      "timestamp" : "0x8dcf0254",
      "il_offset" : "0x00096"
   }
,
  {
      "is_managed" : "true",
      "guid" : "8F2B770C-4A1B-401A-99BA-9ED80A5C09B9",
      "token" : "0x6001f7d",
      "native_offset" : "0x0",
      "filename" : "mscorlib.dll",
      "sizeofimage" : "0x470000",
      "timestamp" : "0xa6d36809",
      "il_offset" : "0x00014"
   }
,
  {
      "is_managed" : "true",
      "guid" : "8F2B770C-4A1B-401A-99BA-9ED80A5C09B9",
      "token" : "0x6001f25",
      "native_offset" : "0x0",
      "filename" : "mscorlib.dll",
      "sizeofimage" : "0x470000",
      "timestamp" : "0xa6d36809",
      "il_offset" : "0x00071"
   }
,
  {
      "is_managed" : "true",
      "guid" : "8F2B770C-4A1B-401A-99BA-9ED80A5C09B9",
      "token" : "0x6001f23",
      "native_offset" : "0x0",
      "filename" : "mscorlib.dll",
      "sizeofimage" : "0x470000",
      "timestamp" : "0xa6d36809",
      "il_offset" : "0x00000"
   }
,
  {
      "is_managed" : "true",
      "guid" : "8F2B770C-4A1B-401A-99BA-9ED80A5C09B9",
      "token" : "0x6001f22",
      "native_offset" : "0x0",
      "filename" : "mscorlib.dll",
      "sizeofimage" : "0x470000",
      "timestamp" : "0xa6d36809",
      "il_offset" : "0x0002b"
   }
,
  {
      "is_managed" : "true",
      "guid" : "8F2B770C-4A1B-401A-99BA-9ED80A5C09B9",
      "token" : "0x6001f7f",
      "native_offset" : "0x0",
      "filename" : "mscorlib.dll",
      "sizeofimage" : "0x470000",
      "timestamp" : "0xa6d36809",
      "il_offset" : "0x00008"
   }
,
  {
      "is_managed" : "true",
      "guid" : "8F2B770C-4A1B-401A-99BA-9ED80A5C09B9",
      "token" : "0x00000",
      "native_offset" : "0x0",
      "filename" : "mscorlib.dll",
      "sizeofimage" : "0x470000",
      "timestamp" : "0xa6d36809",
      "il_offset" : "0x00065"
   }

  ],
  "unmanaged_frames" : [
 {
    "is_managed" : "false",
    "native_address" : "0x17d90d5f8",
    "native_offset" : "0x00000"
  }
,
 {
    "is_managed" : "false",
    "native_address" : "0x17da446b8",
    "native_offset" : "0x00000"
  }
,
 {
    "is_managed" : "false",
    "native_address" : "0x17da44a14",
    "native_offset" : "0x00000"
  }
,
 {
    "is_managed" : "false",
    "native_address" : "0x17da447dc",
    "native_offset" : "0x00000"
  }
,
 {
    "is_managed" : "false",
    "native_address" : "0x17d94e60c",
    "native_offset" : "0x00000"
  }
,
 {
    "is_managed" : "false",
    "native_address" : "0x1a0c52a24",
    "native_offset" : "0x00000"
  }
,
 {
    "is_managed" : "false",
    "native_address" : "0x1a0c24574",
    "native_offset" : "0x00000"
  }
,
 {
    "is_managed" : "false",
    "native_address" : "0x17da93e94",
    "native_offset" : "0x00000"
  }
,
 {
    "is_managed" : "false",
    "native_address" : "0x17da50cb0",
    "native_offset" : "0x00000"
  }
,
 {
    "is_managed" : "false",
    "native_address" : "0x17da50928",
    "native_offset" : "0x00000"
  }
,
 {
    "is_managed" : "false",
    "native_address" : "0x17da3f888",
    "native_offset" : "0x00000"
  }
,
 {
    "is_managed" : "false",
    "native_address" : "0x17d9e9fd4",
    "native_offset" : "0x00000"
  }
,
 {
    "is_managed" : "true",
    "guid" : "8F2B770C-4A1B-401A-99BA-9ED80A5C09B9",
    "token" : "0x00000",
    "native_offset" : "0x0",
    "filename" : "mscorlib.dll",
    "sizeofimage" : "0x470000",
    "timestamp" : "0xa6d36809",
    "il_offset" : "0x00000"
  }
,
 {
    "is_managed" : "true",
    "guid" : "8F2B770C-4A1B-401A-99BA-9ED80A5C09B9",
    "token" : "0x60020b3",
    "native_offset" : "0x0",
    "filename" : "mscorlib.dll",
    "sizeofimage" : "0x470000",
    "timestamp" : "0xa6d36809",
    "il_offset" : "0x00000"
  }
,
 {
    "is_managed" : "true",
    "guid" : "8F2B770C-4A1B-401A-99BA-9ED80A5C09B9",
    "token" : "0x60020a5",
    "native_offset" : "0x0",
    "filename" : "mscorlib.dll",
    "sizeofimage" : "0x470000",
    "timestamp" : "0xa6d36809",
    "il_offset" : "0x00000"
  }
,
 {
    "is_managed" : "true",
    "guid" : "8F2B770C-4A1B-401A-99BA-9ED80A5C09B9",
    "token" : "0x60020a9",
    "native_offset" : "0x0",
    "filename" : "mscorlib.dll",
    "sizeofimage" : "0x470000",
    "timestamp" : "0xa6d36809",
    "il_offset" : "0x00000"
  }
,
 {
    "is_managed" : "true",
    "guid" : "7B6D8D81-9F48-4934-AAE9-99CADEAF7AA9",
    "token" : "0x6003ffb",
    "native_offset" : "0x0",
    "filename" : "System.dll",
    "sizeofimage" : "0x29a000",
    "timestamp" : "0x94577df8",
    "il_offset" : "0x00000"
  }
,
 {
    "is_managed" : "true",
    "guid" : "7B6D8D81-9F48-4934-AAE9-99CADEAF7AA9",
    "token" : "0x6003ffa",
    "native_offset" : "0x0",
    "filename" : "System.dll",
    "sizeofimage" : "0x29a000",
    "timestamp" : "0x94577df8",
    "il_offset" : "0x00000"
  }
,
 {
    "is_managed" : "true",
    "guid" : "7B6D8D81-9F48-4934-AAE9-99CADEAF7AA9",
    "token" : "0x6003ff5",
    "native_offset" : "0x0",
    "filename" : "System.dll",
    "sizeofimage" : "0x29a000",
    "timestamp" : "0x94577df8",
    "il_offset" : "0x00000"
  }
,
 {
    "is_managed" : "true",
    "guid" : "772865CD-AE2D-4BFF-9C30-5A06338CABCF",
    "token" : "0x6000b6c",
    "native_offset" : "0x0",
    "filename" : "Burst.Compiler.IL.dll",
    "sizeofimage" : "0x1a4000",
    "timestamp" : "0x8dcf0254",
    "il_offset" : "0x00000"
  }
,
 {
    "is_managed" : "true",
    "guid" : "772865CD-AE2D-4BFF-9C30-5A06338CABCF",
    "token" : "0x6000bc3",
    "native_offset" : "0x0",
    "filename" : "Burst.Compiler.IL.dll",
    "sizeofimage" : "0x1a4000",
    "timestamp" : "0x8dcf0254",
    "il_offset" : "0x00000"
  }
,
 {
    "is_managed" : "true",
    "guid" : "8F2B770C-4A1B-401A-99BA-9ED80A5C09B9",
    "token" : "0x6001f7d",
    "native_offset" : "0x0",
    "filename" : "mscorlib.dll",
    "sizeofimage" : "0x470000",
    "timestamp" : "0xa6d36809",
    "il_offset" : "0x00000"
  }
,
 {
    "is_managed" : "true",
    "guid" : "8F2B770C-4A1B-401A-99BA-9ED80A5C09B9",
    "token" : "0x6001f25",
    "native_offset" : "0x0",
    "filename" : "mscorlib.dll",
    "sizeofimage" : "0x470000",
    "timestamp" : "0xa6d36809",
    "il_offset" : "0x00000"
  }
,
 {
    "is_managed" : "true",
    "guid" : "8F2B770C-4A1B-401A-99BA-9ED80A5C09B9",
    "token" : "0x6001f23",
    "native_offset" : "0x0",
    "filename" : "mscorlib.dll",
    "sizeofimage" : "0x470000",
    "timestamp" : "0xa6d36809",
    "il_offset" : "0x00000"
  }
,
 {
    "is_managed" : "true",
    "guid" : "8F2B770C-4A1B-401A-99BA-9ED80A5C09B9",
    "token" : "0x6001f22",
    "native_offset" : "0x0",
    "filename" : "mscorlib.dll",
    "sizeofimage" : "0x470000",
    "timestamp" : "0xa6d36809",
    "il_offset" : "0x00000"
  }
,
 {
    "is_managed" : "true",
    "guid" : "8F2B770C-4A1B-401A-99BA-9ED80A5C09B9",
    "token" : "0x6001f7f",
    "native_offset" : "0x0",
    "filename" : "mscorlib.dll",
    "sizeofimage" : "0x470000",
    "timestamp" : "0xa6d36809",
    "il_offset" : "0x00000"
  }
,
 {
    "is_managed" : "true",
    "guid" : "8F2B770C-4A1B-401A-99BA-9ED80A5C09B9",
    "token" : "0x00000",
    "native_offset" : "0x0",
    "filename" : "mscorlib.dll",
    "sizeofimage" : "0x470000",
    "timestamp" : "0xa6d36809",
    "il_offset" : "0x00000"
  }
,
 {
    "is_managed" : "false",
    "native_address" : "0x17d89d178",
    "native_offset" : "0x00000"
  }
,
 {
    "is_managed" : "false",
    "native_address" : "0x17da233ec",
    "native_offset" : "0x00000"
  }
,
 {
    "is_managed" : "false",
    "native_address" : "0x17da24ffc",
    "native_offset" : "0x00000"
  }
,
 {
    "is_managed" : "false",
    "native_address" : "0x17da45518",
    "native_offset" : "0x00000"
  }
,
 {
    "is_managed" : "false",
    "native_address" : "0x17da452d0",
    "native_offset" : "0x00000"
  }
,
 {
    "is_managed" : "false",
    "native_address" : "0x17dac4d18",
    "native_offset" : "0x00000"
  }
,
 {
    "is_managed" : "false",
    "native_address" : "0x17dac4ca0",
    "native_offset" : "0x00000"
  }
,
 {
    "is_managed" : "false",
    "native_address" : "0x1a0c23fa8",
    "native_offset" : "0x00000"
  }
,
 {
    "is_managed" : "false",
    "native_address" : "0x1a0c1eda0",
    "native_offset" : "0x00000"
  }

 ]
},
{
  "is_managed" : false,
  "offset_free_hash" : "0x0",
  "offset_rich_hash" : "0x0",
  "crashed" : false,
  "native_thread_id" : "0x2bcf07000",
  "thread_info_addr" : "0x2ce15c000",
  "thread_name" : "tid_26f03",
  "ctx" : {
    "IP" : "0x1a0be3e90",
    "SP" : "0x2bcf06dd0",
    "BP" : "0x2bcf06de0"
 },
  "unmanaged_frames" : [
 {
    "is_managed" : "false",
    "native_address" : "0x17d90d5f8",
    "native_offset" : "0x00000"
  }
,
 {
    "is_managed" : "false",
    "native_address" : "0x17da446b8",
    "native_offset" : "0x00000"
  }
,
 {
    "is_managed" : "false",
    "native_address" : "0x17da44a14",
    "native_offset" : "0x00000"
  }
,
 {
    "is_managed" : "false",
    "native_address" : "0x17da447dc",
    "native_offset" : "0x00000"
  }
,
 {
    "is_managed" : "false",
    "native_address" : "0x17d94e60c",
    "native_offset" : "0x00000"
  }
,
 {
    "is_managed" : "false",
    "native_address" : "0x1a0c52a24",
    "native_offset" : "0x00000"
  }
,
 {
    "is_managed" : "false",
    "native_address" : "0x1a0a7499c",
    "native_offset" : "0x00000"
  }
,
 {
    "is_managed" : "false",
    "native_address" : "0x1a0a75050",
    "native_offset" : "0x00000"
  }
,
 {
    "is_managed" : "false",
    "native_address" : "0x1075b83d8",
    "native_offset" : "0x00000"
  }
,
 {
    "is_managed" : "false",
    "native_address" : "0x104f8a040",
    "native_offset" : "0x00000"
  }
,
 {
    "is_managed" : "false",
    "native_address" : "0x10537c90c",
    "native_offset" : "0x00000"
  }
,
 {
    "is_managed" : "false",
    "native_address" : "0x10537c8a8",
    "native_offset" : "0x00000"
  }
,
 {
    "is_managed" : "false",
    "native_address" : "0x105529ee4",
    "native_offset" : "0x00000"
  }
,
 {
    "is_managed" : "false",
    "native_address" : "0x1a0c23fa8",
    "native_offset" : "0x00000"
  }
,
 {
    "is_managed" : "false",
    "native_address" : "0x1a0c1eda0",
    "native_offset" : "0x00000"
  }

 ]
},
{
  "is_managed" : true,
  "offset_free_hash" : "0x15de3c8242",
  "offset_rich_hash" : "0x15de3c85c7",
  "crashed" : false,
  "native_thread_id" : "0x2b5e1f000",
  "thread_info_addr" : "0x2a62fce00",
  "thread_name" : "Burst-ProgressReporter",
  "ctx" : {
    "IP" : "0x1a0be7710",
    "SP" : "0x2b5e1e0a0",
    "BP" : "0x2b5e1e130"
 },
  "managed_frames" : [
 {
    "is_managed" : "false",
    "native_address" : "unregistered"
  }
,
 {
    "is_managed" : "true",
    "guid" : "8F2B770C-4A1B-401A-99BA-9ED80A5C09B9",
    "token" : "0x00000",
    "native_offset" : "0x0",
    "filename" : "mscorlib.dll",
    "sizeofimage" : "0x470000",
    "timestamp" : "0xa6d36809",
    "il_offset" : "0xffffffff"
  }
,
 {
    "is_managed" : "true",
    "guid" : "8F2B770C-4A1B-401A-99BA-9ED80A5C09B9",
    "token" : "0x6001f5d",
    "native_offset" : "0x0",
    "filename" : "mscorlib.dll",
    "sizeofimage" : "0x470000",
    "timestamp" : "0xa6d36809",
    "il_offset" : "0x0002f"
  }
,
 {
    "is_managed" : "true",
    "guid" : "8F2B770C-4A1B-401A-99BA-9ED80A5C09B9",
    "token" : "0x6001f50",
    "native_offset" : "0x0",
    "filename" : "mscorlib.dll",
    "sizeofimage" : "0x470000",
    "timestamp" : "0xa6d36809",
    "il_offset" : "0x0000e"
  }
,
 {
    "is_managed" : "true",
    "guid" : "8F2B770C-4A1B-401A-99BA-9ED80A5C09B9",
    "token" : "0x6001f52",
    "native_offset" : "0x0",
    "filename" : "mscorlib.dll",
    "sizeofimage" : "0x470000",
    "timestamp" : "0xa6d36809",
    "il_offset" : "0x00000"
  }
,
 {
    "is_managed" : "true",
    "guid" : "8F2B770C-4A1B-401A-99BA-9ED80A5C09B9",
    "token" : "0x6001ea2",
    "native_offset" : "0x0",
    "filename" : "mscorlib.dll",
    "sizeofimage" : "0x470000",
    "timestamp" : "0xa6d36809",
    "il_offset" : "0x0001d"
  }
,
 {
    "is_managed" : "true",
    "guid" : "8F2B770C-4A1B-401A-99BA-9ED80A5C09B9",
    "token" : "0x6001ea1",
    "native_offset" : "0x0",
    "filename" : "mscorlib.dll",
    "sizeofimage" : "0x470000",
    "timestamp" : "0xa6d36809",
    "il_offset" : "0x000d9"
  }
,
 {
    "is_managed" : "true",
    "guid" : "7B6D8D81-9F48-4934-AAE9-99CADEAF7AA9",
    "token" : "0x6003fe9",
    "native_offset" : "0x0",
    "filename" : "System.dll",
    "sizeofimage" : "0x29a000",
    "timestamp" : "0x94577df8",
    "il_offset" : "0x00067"
  }
,
 {
    "is_managed" : "true",
    "guid" : "7B6D8D81-9F48-4934-AAE9-99CADEAF7AA9",
    "token" : "0x6003fe8",
    "native_offset" : "0x0",
    "filename" : "System.dll",
    "sizeofimage" : "0x29a000",
    "timestamp" : "0x94577df8",
    "il_offset" : "0x00006"
  }
,
 {
    "is_managed" : "true",
    "guid" : "7B6D8D81-9F48-4934-AAE9-99CADEAF7AA9",
    "token" : "0x6003fe4",
    "native_offset" : "0x0",
    "filename" : "System.dll",
    "sizeofimage" : "0x29a000",
    "timestamp" : "0x94577df8",
    "il_offset" : "0x00000"
  }
,
 {
    "is_managed" : "true",
    "guid" : "772865CD-AE2D-4BFF-9C30-5A06338CABCF",
    "token" : "0x6001157",
    "native_offset" : "0x0",
    "filename" : "Burst.Compiler.IL.dll",
    "sizeofimage" : "0x1a4000",
    "timestamp" : "0x8dcf0254",
    "il_offset" : "0x000c9"
  }
,
 {
    "is_managed" : "true",
    "guid" : "8F2B770C-4A1B-401A-99BA-9ED80A5C09B9",
    "token" : "0x6001f7d",
    "native_offset" : "0x0",
    "filename" : "mscorlib.dll",
    "sizeofimage" : "0x470000",
    "timestamp" : "0xa6d36809",
    "il_offset" : "0x00014"
  }
,
 {
    "is_managed" : "true",
    "guid" : "8F2B770C-4A1B-401A-99BA-9ED80A5C09B9",
    "token" : "0x6001f25",
    "native_offset" : "0x0",
    "filename" : "mscorlib.dll",
    "sizeofimage" : "0x470000",
    "timestamp" : "0xa6d36809",
    "il_offset" : "0x00071"
  }
,
 {
    "is_managed" : "true",
    "guid" : "8F2B770C-4A1B-401A-99BA-9ED80A5C09B9",
    "token" : "0x6001f23",
    "native_offset" : "0x0",
    "filename" : "mscorlib.dll",
    "sizeofimage" : "0x470000",
    "timestamp" : "0xa6d36809",
    "il_offset" : "0x00000"
  }
,
 {
    "is_managed" : "true",
    "guid" : "8F2B770C-4A1B-401A-99BA-9ED80A5C09B9",
    "token" : "0x6001f22",
    "native_offset" : "0x0",
    "filename" : "mscorlib.dll",
    "sizeofimage" : "0x470000",
    "timestamp" : "0xa6d36809",
    "il_offset" : "0x0002b"
  }
,
 {
    "is_managed" : "true",
    "guid" : "8F2B770C-4A1B-401A-99BA-9ED80A5C09B9",
    "token" : "0x6001f7f",
    "native_offset" : "0x0",
    "filename" : "mscorlib.dll",
    "sizeofimage" : "0x470000",
    "timestamp" : "0xa6d36809",
    "il_offset" : "0x00008"
  }
,
 {
    "is_managed" : "true",
    "guid" : "8F2B770C-4A1B-401A-99BA-9ED80A5C09B9",
    "token" : "0x00000",
    "native_offset" : "0x0",
    "filename" : "mscorlib.dll",
    "sizeofimage" : "0x470000",
    "timestamp" : "0xa6d36809",
    "il_offset" : "0x00065"
  }

 ],
"unmanaged_frames" : [
{
  "is_managed" : "false",
  "native_address" : "0x17d90d5f8",
  "native_offset" : "0x00000"
 }
,
{
  "is_managed" : "false",
  "native_address" : "0x17da446b8",
  "native_offset" : "0x00000"
 }
,
{
  "is_managed" : "false",
  "native_address" : "0x17da44a14",
  "native_offset" : "0x00000"
 }
,
{
  "is_managed" : "false",
  "native_address" : "0x17da447dc",
  "native_offset" : "0x00000"
 }
,
{
  "is_managed" : "false",
  "native_address" : "0x17d94e60c",
  "native_offset" : "0x00000"
 }
,
{
  "is_managed" : "false",
  "native_address" : "0x1a0c52a24",
  "native_offset" : "0x00000"
 }
,
{
  "is_managed" : "false",
  "native_address" : "0x1a0c24574",
  "native_offset" : "0x00000"
 }
,
{
  "is_managed" : "false",
  "native_address" : "0x17da93e94",
  "native_offset" : "0x00000"
 }
,
{
  "is_managed" : "false",
  "native_address" : "0x17da503e8",
  "native_offset" : "0x00000"
 }
,
{
  "is_managed" : "false",
  "native_address" : "0x17da5021c",
  "native_offset" : "0x00000"
 }
,
{
  "is_managed" : "false",
  "native_address" : "0x17da7f5bc",
  "native_offset" : "0x00000"
 }
,
{
  "is_managed" : "false",
  "native_address" : "0x17d9e88d8",
  "native_offset" : "0x00000"
 }
,
{
  "is_managed" : "true",
  "guid" : "8F2B770C-4A1B-401A-99BA-9ED80A5C09B9",
  "token" : "0x00000",
  "native_offset" : "0x0",
  "filename" : "mscorlib.dll",
  "sizeofimage" : "0x470000",
  "timestamp" : "0xa6d36809",
  "il_offset" : "0x00000"
 }
,
{
  "is_managed" : "true",
  "guid" : "8F2B770C-4A1B-401A-99BA-9ED80A5C09B9",
  "token" : "0x6001f5d",
  "native_offset" : "0x0",
  "filename" : "mscorlib.dll",
  "sizeofimage" : "0x470000",
  "timestamp" : "0xa6d36809",
  "il_offset" : "0x00000"
 }
,
{
  "is_managed" : "true",
  "guid" : "8F2B770C-4A1B-401A-99BA-9ED80A5C09B9",
  "token" : "0x6001f50",
  "native_offset" : "0x0",
  "filename" : "mscorlib.dll",
  "sizeofimage" : "0x470000",
  "timestamp" : "0xa6d36809",
  "il_offset" : "0x00000"
 }
,
{
  "is_managed" : "true",
  "guid" : "8F2B770C-4A1B-401A-99BA-9ED80A5C09B9",
  "token" : "0x6001f52",
  "native_offset" : "0x0",
  "filename" : "mscorlib.dll",
  "sizeofimage" : "0x470000",
  "timestamp" : "0xa6d36809",
  "il_offset" : "0x00000"
 }
,
{
  "is_managed" : "true",
  "guid" : "8F2B770C-4A1B-401A-99BA-9ED80A5C09B9",
  "token" : "0x6001ea2",
  "native_offset" : "0x0",
  "filename" : "mscorlib.dll",
  "sizeofimage" : "0x470000",
  "timestamp" : "0xa6d36809",
  "il_offset" : "0x00000"
 }
,
{
  "is_managed" : "true",
  "guid" : "8F2B770C-4A1B-401A-99BA-9ED80A5C09B9",
  "token" : "0x6001ea1",
  "native_offset" : "0x0",
  "filename" : "mscorlib.dll",
  "sizeofimage" : "0x470000",
  "timestamp" : "0xa6d36809",
  "il_offset" : "0x00000"
 }
,
{
  "is_managed" : "true",
  "guid" : "7B6D8D81-9F48-4934-AAE9-99CADEAF7AA9",
  "token" : "0x6003fe9",
  "native_offset" : "0x0",
  "filename" : "System.dll",
  "sizeofimage" : "0x29a000",
  "timestamp" : "0x94577df8",
  "il_offset" : "0x00000"
 }
,
{
  "is_managed" : "true",
  "guid" : "7B6D8D81-9F48-4934-AAE9-99CADEAF7AA9",
  "token" : "0x6003fe8",
  "native_offset" : "0x0",
  "filename" : "System.dll",
  "sizeofimage" : "0x29a000",
  "timestamp" : "0x94577df8",
  "il_offset" : "0x00000"
 }
,
{
  "is_managed" : "true",
  "guid" : "7B6D8D81-9F48-4934-AAE9-99CADEAF7AA9",
  "token" : "0x6003fe4",
  "native_offset" : "0x0",
  "filename" : "System.dll",
  "sizeofimage" : "0x29a000",
  "timestamp" : "0x94577df8",
  "il_offset" : "0x00000"
 }
,
{
  "is_managed" : "true",
  "guid" : "772865CD-AE2D-4BFF-9C30-5A06338CABCF",
  "token" : "0x6001157",
  "native_offset" : "0x0",
  "filename" : "Burst.Compiler.IL.dll",
  "sizeofimage" : "0x1a4000",
  "timestamp" : "0x8dcf0254",
  "il_offset" : "0x00000"
 }
,
{
  "is_managed" : "true",
  "guid" : "8F2B770C-4A1B-401A-99BA-9ED80A5C09B9",
  "token" : "0x6001f7d",
  "native_offset" : "0x0",
  "filename" : "mscorlib.dll",
  "sizeofimage" : "0x470000",
  "timestamp" : "0xa6d36809",
  "il_offset" : "0x00000"
 }
,
{
  "is_managed" : "true",
  "guid" : "8F2B770C-4A1B-401A-99BA-9ED80A5C09B9",
  "token" : "0x6001f25",
  "native_offset" : "0x0",
  "filename" : "mscorlib.dll",
  "sizeofimage" : "0x470000",
  "timestamp" : "0xa6d36809",
  "il_offset" : "0x00000"
 }
,
{
  "is_managed" : "true",
  "guid" : "8F2B770C-4A1B-401A-99BA-9ED80A5C09B9",
  "token" : "0x6001f23",
  "native_offset" : "0x0",
  "filename" : "mscorlib.dll",
  "sizeofimage" : "0x470000",
  "timestamp" : "0xa6d36809",
  "il_offset" : "0x00000"
 }
,
{
  "is_managed" : "true",
  "guid" : "8F2B770C-4A1B-401A-99BA-9ED80A5C09B9",
  "token" : "0x6001f22",
  "native_offset" : "0x0",
  "filename" : "mscorlib.dll",
  "sizeofimage" : "0x470000",
  "timestamp" : "0xa6d36809",
  "il_offset" : "0x00000"
 }
,
{
  "is_managed" : "true",
  "guid" : "8F2B770C-4A1B-401A-99BA-9ED80A5C09B9",
  "token" : "0x6001f7f",
  "native_offset" : "0x0",
  "filename" : "mscorlib.dll",
  "sizeofimage" : "0x470000",
  "timestamp" : "0xa6d36809",
  "il_offset" : "0x00000"
 }
,
{
  "is_managed" : "true",
  "guid" : "8F2B770C-4A1B-401A-99BA-9ED80A5C09B9",
  "token" : "0x00000",
  "native_offset" : "0x0",
  "filename" : "mscorlib.dll",
  "sizeofimage" : "0x470000",
  "timestamp" : "0xa6d36809",
  "il_offset" : "0x00000"
 }
,
{
  "is_managed" : "false",
  "native_address" : "0x17d89d178",
  "native_offset" : "0x00000"
 }
,
{
  "is_managed" : "false",
  "native_address" : "0x17da233ec",
  "native_offset" : "0x00000"
 }
,
{
  "is_managed" : "false",
  "native_address" : "0x17da24ffc",
  "native_offset" : "0x00000"
 }
,
{
  "is_managed" : "false",
  "native_address" : "0x17da45518",
  "native_offset" : "0x00000"
 }
,
{
  "is_managed" : "false",
  "native_address" : "0x17da452d0",
  "native_offset" : "0x00000"
 }
,
{
  "is_managed" : "false",
  "native_address" : "0x17dac4d18",
  "native_offset" : "0x00000"
 }
,
{
  "is_managed" : "false",
  "native_address" : "0x17dac4ca0",
  "native_offset" : "0x00000"
 }
,
{
  "is_managed" : "false",
  "native_address" : "0x1a0c23fa8",
  "native_offset" : "0x00000"
 }
,
{
  "is_managed" : "false",
  "native_address" : "0x1a0c1eda0",
  "native_offset" : "0x00000"
 }

]
},
{
"is_managed" : true,
"offset_free_hash" : "0x1491e05bce",
"offset_rich_hash" : "0x1491e05fb6",
"crashed" : false,
"native_thread_id" : "0x2b4c07000",
"thread_info_addr" : "0x135431e00",
"thread_name" : "Burst-CompilerThread-4",
"ctx" : {
  "IP" : "0x1a0be7710",
  "SP" : "0x2b4c05a80",
  "BP" : "0x2b4c05b10"
},
"managed_frames" : [
{
  "is_managed" : "false",
  "native_address" : "unregistered"
 }
,
{
  "is_managed" : "true",
  "guid" : "8F2B770C-4A1B-401A-99BA-9ED80A5C09B9",
  "token" : "0x00000",
  "native_offset" : "0x0",
  "filename" : "mscorlib.dll",
  "sizeofimage" : "0x470000",
  "timestamp" : "0xa6d36809",
  "il_offset" : "0xffffffff"
 }
,
{
  "is_managed" : "true",
  "guid" : "8F2B770C-4A1B-401A-99BA-9ED80A5C09B9",
  "token" : "0x60020b3",
  "native_offset" : "0x0",
  "filename" : "mscorlib.dll",
  "sizeofimage" : "0x470000",
  "timestamp" : "0xa6d36809",
  "il_offset" : "0x000c7"
 }
,
{
  "is_managed" : "true",
  "guid" : "8F2B770C-4A1B-401A-99BA-9ED80A5C09B9",
  "token" : "0x60020a5",
  "native_offset" : "0x0",
  "filename" : "mscorlib.dll",
  "sizeofimage" : "0x470000",
  "timestamp" : "0xa6d36809",
  "il_offset" : "0x000a1"
 }
,
{
  "is_managed" : "true",
  "guid" : "8F2B770C-4A1B-401A-99BA-9ED80A5C09B9",
  "token" : "0x60020a9",
  "native_offset" : "0x0",
  "filename" : "mscorlib.dll",
  "sizeofimage" : "0x470000",
  "timestamp" : "0xa6d36809",
  "il_offset" : "0x00000"
 }
,
{
  "is_managed" : "true",
  "guid" : "7B6D8D81-9F48-4934-AAE9-99CADEAF7AA9",
  "token" : "0x6003ffb",
  "native_offset" : "0x0",
  "filename" : "System.dll",
  "sizeofimage" : "0x29a000",
  "timestamp" : "0x94577df8",
  "il_offset" : "0x0006e"
 }
,
{
  "is_managed" : "true",
  "guid" : "7B6D8D81-9F48-4934-AAE9-99CADEAF7AA9",
  "token" : "0x6003ffa",
  "native_offset" : "0x0",
  "filename" : "System.dll",
  "sizeofimage" : "0x29a000",
  "timestamp" : "0x94577df8",
  "il_offset" : "0x0003c"
 }
,
{
  "is_managed" : "true",
  "guid" : "7B6D8D81-9F48-4934-AAE9-99CADEAF7AA9",
  "token" : "0x6003ff5",
  "native_offset" : "0x0",
  "filename" : "System.dll",
  "sizeofimage" : "0x29a000",
  "timestamp" : "0x94577df8",
  "il_offset" : "0x00000"
 }
,
{
  "is_managed" : "true",
  "guid" : "772865CD-AE2D-4BFF-9C30-5A06338CABCF",
  "token" : "0x6000b6c",
  "native_offset" : "0x0",
  "filename" : "Burst.Compiler.IL.dll",
  "sizeofimage" : "0x1a4000",
  "timestamp" : "0x8dcf0254",
  "il_offset" : "0x00024"
 }
,
{
  "is_managed" : "true",
  "guid" : "772865CD-AE2D-4BFF-9C30-5A06338CABCF",
  "token" : "0x6000bc3",
  "native_offset" : "0x0",
  "filename" : "Burst.Compiler.IL.dll",
  "sizeofimage" : "0x1a4000",
  "timestamp" : "0x8dcf0254",
  "il_offset" : "0x00096"
 }
,
{
  "is_managed" : "true",
  "guid" : "8F2B770C-4A1B-401A-99BA-9ED80A5C09B9",
  "token" : "0x6001f7d",
  "native_offset" : "0x0",
  "filename" : "mscorlib.dll",
  "sizeofimage" : "0x470000",
  "timestamp" : "0xa6d36809",
  "il_offset" : "0x00014"
 }
,
{
  "is_managed" : "true",
  "guid" : "8F2B770C-4A1B-401A-99BA-9ED80A5C09B9",
  "token" : "0x6001f25",
  "native_offset" : "0x0",
  "filename" : "mscorlib.dll",
  "sizeofimage" : "0x470000",
  "timestamp" : "0xa6d36809",
  "il_offset" : "0x00071"
 }
,
{
  "is_managed" : "true",
  "guid" : "8F2B770C-4A1B-401A-99BA-9ED80A5C09B9",
  "token" : "0x6001f23",
  "native_offset" : "0x0",
  "filename" : "mscorlib.dll",
  "sizeofimage" : "0x470000",
  "timestamp" : "0xa6d36809",
  "il_offset" : "0x00000"
 }
,
{
  "is_managed" : "true",
  "guid" : "8F2B770C-4A1B-401A-99BA-9ED80A5C09B9",
  "token" : "0x6001f22",
  "native_offset" : "0x0",
  "filename" : "mscorlib.dll",
  "sizeofimage" : "0x470000",
  "timestamp" : "0xa6d36809",
  "il_offset" : "0x0002b"
 }
,
{
  "is_managed" : "true",
  "guid" : "8F2B770C-4A1B-401A-99BA-9ED80A5C09B9",
  "token" : "0x6001f7f",
  "native_offset" : "0x0",
  "filename" : "mscorlib.dll",
  "sizeofimage" : "0x470000",
  "timestamp" : "0xa6d36809",
  "il_offset" : "0x00008"
 }
,
{
  "is_managed" : "true",
  "guid" : "8F2B770C-4A1B-401A-99BA-9ED80A5C09B9",
  "token" : "0x00000",
  "native_offset" : "0x0",
  "filename" : "mscorlib.dll",
  "sizeofimage" : "0x470000",
  "timestamp" : "0xa6d36809",
  "il_offset" : "0x00065"
 }

],
"unmanaged_frames" : [
{
"is_managed" : "false",
"native_address" : "0x17d90d5f8",
"native_offset" : "0x00000"
}
,
{
"is_managed" : "false",
"native_address" : "0x17da446b8",
"native_offset" : "0x00000"
}
,
{
"is_managed" : "false",
"native_address" : "0x17da44a14",
"native_offset" : "0x00000"
}
,
{
"is_managed" : "false",
"native_address" : "0x17da447dc",
"native_offset" : "0x00000"
}
,
{
"is_managed" : "false",
"native_address" : "0x17d94e60c",
"native_offset" : "0x00000"
}
,
{
"is_managed" : "false",
"native_address" : "0x1a0c52a24",
"native_offset" : "0x00000"
}
,
{
"is_managed" : "false",
"native_address" : "0x1a0c24574",
"native_offset" : "0x00000"
}
,
{
"is_managed" : "false",
"native_address" : "0x17da93e94",
"native_offset" : "0x00000"
}
,
{
"is_managed" : "false",
"native_address" : "0x17da50cb0",
"native_offset" : "0x00000"
}
,
{
"is_managed" : "false",
"native_address" : "0x17da50928",
"native_offset" : "0x00000"
}
,
{
"is_managed" : "false",
"native_address" : "0x17da3f888",
"native_offset" : "0x00000"
}
,
{
"is_managed" : "false",
"native_address" : "0x17d9e9fd4",
"native_offset" : "0x00000"
}
,
{
"is_managed" : "true",
"guid" : "8F2B770C-4A1B-401A-99BA-9ED80A5C09B9",
"token" : "0x00000",
"native_offset" : "0x0",
"filename" : "mscorlib.dll",
"sizeofimage" : "0x470000",
"timestamp" : "0xa6d36809",
"il_offset" : "0x00000"
}
,
{
"is_managed" : "true",
"guid" : "8F2B770C-4A1B-401A-99BA-9ED80A5C09B9",
"token" : "0x60020b3",
"native_offset" : "0x0",
"filename" : "mscorlib.dll",
"sizeofimage" : "0x470000",
"timestamp" : "0xa6d36809",
"il_offset" : "0x00000"
}
,
{
"is_managed" : "true",
"guid" : "8F2B770C-4A1B-401A-99BA-9ED80A5C09B9",
"token" : "0x60020a5",
"native_offset" : "0x0",
"filename" : "mscorlib.dll",
"sizeofimage" : "0x470000",
"timestamp" : "0xa6d36809",
"il_offset" : "0x00000"
}
,
{
"is_managed" : "true",
"guid" : "8F2B770C-4A1B-401A-99BA-9ED80A5C09B9",
"token" : "0x60020a9",
"native_offset" : "0x0",
"filename" : "mscorlib.dll",
"sizeofimage" : "0x470000",
"timestamp" : "0xa6d36809",
"il_offset" : "0x00000"
}
,
{
"is_managed" : "true",
"guid" : "7B6D8D81-9F48-4934-AAE9-99CADEAF7AA9",
"token" : "0x6003ffb",
"native_offset" : "0x0",
"filename" : "System.dll",
"sizeofimage" : "0x29a000",
"timestamp" : "0x94577df8",
"il_offset" : "0x00000"
}
,
{
"is_managed" : "true",
"guid" : "7B6D8D81-9F48-4934-AAE9-99CADEAF7AA9",
"token" : "0x6003ffa",
"native_offset" : "0x0",
"filename" : "System.dll",
"sizeofimage" : "0x29a000",
"timestamp" : "0x94577df8",
"il_offset" : "0x00000"
}
,
{
"is_managed" : "true",
"guid" : "7B6D8D81-9F48-4934-AAE9-99CADEAF7AA9",
"token" : "0x6003ff5",
"native_offset" : "0x0",
"filename" : "System.dll",
"sizeofimage" : "0x29a000",
"timestamp" : "0x94577df8",
"il_offset" : "0x00000"
}
,
{
"is_managed" : "true",
"guid" : "772865CD-AE2D-4BFF-9C30-5A06338CABCF",
"token" : "0x6000b6c",
"native_offset" : "0x0",
"filename" : "Burst.Compiler.IL.dll",
"sizeofimage" : "0x1a4000",
"timestamp" : "0x8dcf0254",
"il_offset" : "0x00000"
}
,
{
"is_managed" : "true",
"guid" : "772865CD-AE2D-4BFF-9C30-5A06338CABCF",
"token" : "0x6000bc3",
"native_offset" : "0x0",
"filename" : "Burst.Compiler.IL.dll",
"sizeofimage" : "0x1a4000",
"timestamp" : "0x8dcf0254",
"il_offset" : "0x00000"
}
,
{
"is_managed" : "true",
"guid" : "8F2B770C-4A1B-401A-99BA-9ED80A5C09B9",
"token" : "0x6001f7d",
"native_offset" : "0x0",
"filename" : "mscorlib.dll",
"sizeofimage" : "0x470000",
"timestamp" : "0xa6d36809",
"il_offset" : "0x00000"
}
,
{
"is_managed" : "true",
"guid" : "8F2B770C-4A1B-401A-99BA-9ED80A5C09B9",
"token" : "0x6001f25",
"native_offset" : "0x0",
"filename" : "mscorlib.dll",
"sizeofimage" : "0x470000",
"timestamp" : "0xa6d36809",
"il_offset" : "0x00000"
}
,
{
"is_managed" : "true",
"guid" : "8F2B770C-4A1B-401A-99BA-9ED80A5C09B9",
"token" : "0x6001f23",
"native_offset" : "0x0",
"filename" : "mscorlib.dll",
"sizeofimage" : "0x470000",
"timestamp" : "0xa6d36809",
"il_offset" : "0x00000"
}
,
{
"is_managed" : "true",
"guid" : "8F2B770C-4A1B-401A-99BA-9ED80A5C09B9",
"token" : "0x6001f22",
"native_offset" : "0x0",
"filename" : "mscorlib.dll",
"sizeofimage" : "0x470000",
"timestamp" : "0xa6d36809",
"il_offset" : "0x00000"
}
,
{
"is_managed" : "true",
"guid" : "8F2B770C-4A1B-401A-99BA-9ED80A5C09B9",
"token" : "0x6001f7f",
"native_offset" : "0x0",
"filename" : "mscorlib.dll",
"sizeofimage" : "0x470000",
"timestamp" : "0xa6d36809",
"il_offset" : "0x00000"
}
,
{
"is_managed" : "true",
"guid" : "8F2B770C-4A1B-401A-99BA-9ED80A5C09B9",
"token" : "0x00000",
"native_offset" : "0x0",
"filename" : "mscorlib.dll",
"sizeofimage" : "0x470000",
"timestamp" : "0xa6d36809",
"il_offset" : "0x00000"
}
,
{
"is_managed" : "false",
"native_address" : "0x17d89d178",
"native_offset" : "0x00000"
}
,
{
"is_managed" : "false",
"native_address" : "0x17da233ec",
"native_offset" : "0x00000"
}
,
{
"is_managed" : "false",
"native_address" : "0x17da24ffc",
"native_offset" : "0x00000"
}
,
{
"is_managed" : "false",
"native_address" : "0x17da45518",
"native_offset" : "0x00000"
}
,
{
"is_managed" : "false",
"native_address" : "0x17da452d0",
"native_offset" : "0x00000"
}
,
{
"is_managed" : "false",
"native_address" : "0x17dac4d18",
"native_offset" : "0x00000"
}
,
{
"is_managed" : "false",
"native_address" : "0x17dac4ca0",
"native_offset" : "0x00000"
}
,
{
"is_managed" : "false",
"native_address" : "0x1a0c23fa8",
"native_offset" : "0x00000"
}
,
{
"is_managed" : "false",
"native_address" : "0x1a0c1eda0",
"native_offset" : "0x00000"
}

]
},
{
"is_managed" : false,
"offset_free_hash" : "0x0",
"offset_rich_hash" : "0x0",
"crashed" : false,
"native_thread_id" : "0x17bf9f000",
"thread_info_addr" : "0x1452c4400",
"thread_name" : "tid_cd0b",
"ctx" : {
"IP" : "0x1a0be3e90",
"SP" : "0x17bf9ed10",
"BP" : "0x17bf9ed20"
},
"unmanaged_frames" : [
{
"is_managed" : "false",
"native_address" : "0x17d90d5f8",
"native_offset" : "0x00000"
}
,
{
"is_managed" : "false",
"native_address" : "0x17da446b8",
"native_offset" : "0x00000"
}
,
{
"is_managed" : "false",
"native_address" : "0x17da44a14",
"native_offset" : "0x00000"
}
,
{
"is_managed" : "false",
"native_address" : "0x17da447dc",
"native_offset" : "0x00000"
}
,
{
"is_managed" : "false",
"native_address" : "0x17d94e60c",
"native_offset" : "0x00000"
}
,
{
"is_managed" : "false",
"native_address" : "0x1a0c52a24",
"native_offset" : "0x00000"
}
,
{
"is_managed" : "false",
"native_address" : "0x1a0a7499c",
"native_offset" : "0x00000"
}
,
{
"is_managed" : "false",
"native_address" : "0x1a0a75050",
"native_offset" : "0x00000"
}
,
{
"is_managed" : "false",
"native_address" : "0x1075b83d8",
"native_offset" : "0x00000"
}
,
{
"is_managed" : "false",
"native_address" : "0x1052c9734",
"native_offset" : "0x00000"
}
,
{
"is_managed" : "false",
"native_address" : "0x1052ca918",
"native_offset" : "0x00000"
}
,
{
"is_managed" : "false",
"native_address" : "0x105529ee4",
"native_offset" : "0x00000"
}
,
{
"is_managed" : "false",
"native_address" : "0x1a0c23fa8",
"native_offset" : "0x00000"
}
,
{
"is_managed" : "false",
"native_address" : "0x1a0c1eda0",
"native_offset" : "0x00000"
}

]
},
{
"is_managed" : true,
"offset_free_hash" : "0x1491e05bce",
"offset_rich_hash" : "0x1491e05fb6",
"crashed" : false,
"native_thread_id" : "0x2b4e13000",
"thread_info_addr" : "0x13543c400",
"thread_name" : "Burst-CompilerThread-5",
"ctx" : {
"IP" : "0x1a0be7710",
"SP" : "0x2b4e11a80",
"BP" : "0x2b4e11b10"
},
"managed_frames" : [
{
"is_managed" : "false",
"native_address" : "unregistered"
}
,
{
"is_managed" : "true",
"guid" : "8F2B770C-4A1B-401A-99BA-9ED80A5C09B9",
"token" : "0x00000",
"native_offset" : "0x0",
"filename" : "mscorlib.dll",
"sizeofimage" : "0x470000",
"timestamp" : "0xa6d36809",
"il_offset" : "0xffffffff"
}
,
{
"is_managed" : "true",
"guid" : "8F2B770C-4A1B-401A-99BA-9ED80A5C09B9",
"token" : "0x60020b3",
"native_offset" : "0x0",
"filename" : "mscorlib.dll",
"sizeofimage" : "0x470000",
"timestamp" : "0xa6d36809",
"il_offset" : "0x000c7"
}
,
{
"is_managed" : "true",
"guid" : "8F2B770C-4A1B-401A-99BA-9ED80A5C09B9",
"token" : "0x60020a5",
"native_offset" : "0x0",
"filename" : "mscorlib.dll",
"sizeofimage" : "0x470000",
"timestamp" : "0xa6d36809",
"il_offset" : "0x000a1"
}
,
{
"is_managed" : "true",
"guid" : "8F2B770C-4A1B-401A-99BA-9ED80A5C09B9",
"token" : "0x60020a9",
"native_offset" : "0x0",
"filename" : "mscorlib.dll",
"sizeofimage" : "0x470000",
"timestamp" : "0xa6d36809",
"il_offset" : "0x00000"
}
,
{
"is_managed" : "true",
"guid" : "7B6D8D81-9F48-4934-AAE9-99CADEAF7AA9",
"token" : "0x6003ffb",
"native_offset" : "0x0",
"filename" : "System.dll",
"sizeofimage" : "0x29a000",
"timestamp" : "0x94577df8",
"il_offset" : "0x0006e"
}
,
{
"is_managed" : "true",
"guid" : "7B6D8D81-9F48-4934-AAE9-99CADEAF7AA9",
"token" : "0x6003ffa",
"native_offset" : "0x0",
"filename" : "System.dll",
"sizeofimage" : "0x29a000",
"timestamp" : "0x94577df8",
"il_offset" : "0x0003c"
}
,
{
"is_managed" : "true",
"guid" : "7B6D8D81-9F48-4934-AAE9-99CADEAF7AA9",
"token" : "0x6003ff5",
"native_offset" : "0x0",
"filename" : "System.dll",
"sizeofimage" : "0x29a000",
"timestamp" : "0x94577df8",
"il_offset" : "0x00000"
}
,
{
"is_managed" : "true",
"guid" : "772865CD-AE2D-4BFF-9C30-5A06338CABCF",
"token" : "0x6000b6c",
"native_offset" : "0x0",
"filename" : "Burst.Compiler.IL.dll",
"sizeofimage" : "0x1a4000",
"timestamp" : "0x8dcf0254",
"il_offset" : "0x00024"
}
,
{
"is_managed" : "true",
"guid" : "772865CD-AE2D-4BFF-9C30-5A06338CABCF",
"token" : "0x6000bc3",
"native_offset" : "0x0",
"filename" : "Burst.Compiler.IL.dll",
"sizeofimage" : "0x1a4000",
"timestamp" : "0x8dcf0254",
"il_offset" : "0x00096"
}
,
{
"is_managed" : "true",
"guid" : "8F2B770C-4A1B-401A-99BA-9ED80A5C09B9",
"token" : "0x6001f7d",
"native_offset" : "0x0",
"filename" : "mscorlib.dll",
"sizeofimage" : "0x470000",
"timestamp" : "0xa6d36809",
"il_offset" : "0x00014"
}
,
{
"is_managed" : "true",
"guid" : "8F2B770C-4A1B-401A-99BA-9ED80A5C09B9",
"token" : "0x6001f25",
"native_offset" : "0x0",
"filename" : "mscorlib.dll",
"sizeofimage" : "0x470000",
"timestamp" : "0xa6d36809",
"il_offset" : "0x00071"
}
,
{
"is_managed" : "true",
"guid" : "8F2B770C-4A1B-401A-99BA-9ED80A5C09B9",
"token" : "0x6001f23",
"native_offset" : "0x0",
"filename" : "mscorlib.dll",
"sizeofimage" : "0x470000",
"timestamp" : "0xa6d36809",
"il_offset" : "0x00000"
}
,
{
"is_managed" : "true",
"guid" : "8F2B770C-4A1B-401A-99BA-9ED80A5C09B9",
"token" : "0x6001f22",
"native_offset" : "0x0",
"filename" : "mscorlib.dll",
"sizeofimage" : "0x470000",
"timestamp" : "0xa6d36809",
"il_offset" : "0x0002b"
}
,
{
"is_managed" : "true",
"guid" : "8F2B770C-4A1B-401A-99BA-9ED80A5C09B9",
"token" : "0x6001f7f",
"native_offset" : "0x0",
"filename" : "mscorlib.dll",
"sizeofimage" : "0x470000",
"timestamp" : "0xa6d36809",
"il_offset" : "0x00008"
}
,
{
"is_managed" : "true",
"guid" : "8F2B770C-4A1B-401A-99BA-9ED80A5C09B9",
"token" : "0x00000",
"native_offset" : "0x0",
"filename" : "mscorlib.dll",
"sizeofimage" : "0x470000",
"timestamp" : "0xa6d36809",
"il_offset" : "0x00065"
}

],
"unmanaged_frames" : [
{
"is_managed" : "false",
"native_address" : "0x17d90d5f8",
"native_offset" : "0x00000"
}
,
{
"is_managed" : "false",
"native_address" : "0x17da446b8",
"native_offset" : "0x00000"
}
,
{
"is_managed" : "false",
"native_address" : "0x17da44a14",
"native_offset" : "0x00000"
}
,
{
"is_managed" : "false",
"native_address" : "0x17da447dc",
"native_offset" : "0x00000"
}
,
{
"is_managed" : "false",
"native_address" : "0x17d94e60c",
"native_offset" : "0x00000"
}
,
{
"is_managed" : "false",
"native_address" : "0x1a0c52a24",
"native_offset" : "0x00000"
}
,
{
"is_managed" : "false",
"native_address" : "0x1a0c24574",
"native_offset" : "0x00000"
}
,
{
"is_managed" : "false",
"native_address" : "0x17da93e94",
"native_offset" : "0x00000"
}
,
{
"is_managed" : "false",
"native_address" : "0x17da50cb0",
"native_offset" : "0x00000"
}
,
{
"is_managed" : "false",
"native_address" : "0x17da50928",
"native_offset" : "0x00000"
}
,
{
"is_managed" : "false",
"native_address" : "0x17da3f888",
"native_offset" : "0x00000"
}
,
{
"is_managed" : "false",
"native_address" : "0x17d9e9fd4",
"native_offset" : "0x00000"
}
,
{
"is_managed" : "true",
"guid" : "8F2B770C-4A1B-401A-99BA-9ED80A5C09B9",
"token" : "0x00000",
"native_offset" : "0x0",
"filename" : "mscorlib.dll",
"sizeofimage" : "0x470000",
"timestamp" : "0xa6d36809",
"il_offset" : "0x00000"
}
,
{
"is_managed" : "true",
"guid" : "8F2B770C-4A1B-401A-99BA-9ED80A5C09B9",
"token" : "0x60020b3",
"native_offset" : "0x0",
"filename" : "mscorlib.dll",
"sizeofimage" : "0x470000",
"timestamp" : "0xa6d36809",
"il_offset" : "0x00000"
}
,
{
"is_managed" : "true",
"guid" : "8F2B770C-4A1B-401A-99BA-9ED80A5C09B9",
"token" : "0x60020a5",
"native_offset" : "0x0",
"filename" : "mscorlib.dll",
"sizeofimage" : "0x470000",
"timestamp" : "0xa6d36809",
"il_offset" : "0x00000"
}
,
{
"is_managed" : "true",
"guid" : "8F2B770C-4A1B-401A-99BA-9ED80A5C09B9",
"token" : "0x60020a9",
"native_offset" : "0x0",
"filename" : "mscorlib.dll",
"sizeofimage" : "0x470000",
"timestamp" : "0xa6d36809",
"il_offset" : "0x00000"
}
,
{
"is_managed" : "true",
"guid" : "7B6D8D81-9F48-4934-AAE9-99CADEAF7AA9",
"token" : "0x6003ffb",
"native_offset" : "0x0",
"filename" : "System.dll",
"sizeofimage" : "0x29a000",
"timestamp" : "0x94577df8",
"il_offset" : "0x00000"
}
,
{
"is_managed" : "true",
"guid" : "7B6D8D81-9F48-4934-AAE9-99CADEAF7AA9",
"token" : "0x6003ffa",
"native_offset" : "0x0",
"filename" : "System.dll",
"sizeofimage" : "0x29a000",
"timestamp" : "0x94577df8",
"il_offset" : "0x00000"
}
,
{
"is_managed" : "true",
"guid" : "7B6D8D81-9F48-4934-AAE9-99CADEAF7AA9",
"token" : "0x6003ff5",
"native_offset" : "0x0",
"filename" : "System.dll",
"sizeofimage" : "0x29a000",
"timestamp" : "0x94577df8",
"il_offset" : "0x00000"
}
,
{
"is_managed" : "true",
"guid" : "772865CD-AE2D-4BFF-9C30-5A06338CABCF",
"token" : "0x6000b6c",
"native_offset" : "0x0",
"filename" : "Burst.Compiler.IL.dll",
"sizeofimage" : "0x1a4000",
"timestamp" : "0x8dcf0254",
"il_offset" : "0x00000"
}
,
{
"is_managed" : "true",
"guid" : "772865CD-AE2D-4BFF-9C30-5A06338CABCF",
"token" : "0x6000bc3",
"native_offset" : "0x0",
"filename" : "Burst.Compiler.IL.dll",
"sizeofimage" : "0x1a4000",
"timestamp" : "0x8dcf0254",
"il_offset" : "0x00000"
}
,
{
"is_managed" : "true",
"guid" : "8F2B770C-4A1B-401A-99BA-9ED80A5C09B9",
"token" : "0x6001f7d",
"native_offset" : "0x0",
"filename" : "mscorlib.dll",
"sizeofimage" : "0x470000",
"timestamp" : "0xa6d36809",
"il_offset" : "0x00000"
}
,
{
"is_managed" : "true",
"guid" : "8F2B770C-4A1B-401A-99BA-9ED80A5C09B9",
"token" : "0x6001f25",
"native_offset" : "0x0",
"filename" : "mscorlib.dll",
"sizeofimage" : "0x470000",
"timestamp" : "0xa6d36809",
"il_offset" : "0x00000"
}
,
{
"is_managed" : "true",
"guid" : "8F2B770C-4A1B-401A-99BA-9ED80A5C09B9",
"token" : "0x6001f23",
"native_offset" : "0x0",
"filename" : "mscorlib.dll",
"sizeofimage" : "0x470000",
"timestamp" : "0xa6d36809",
"il_offset" : "0x00000"
}
,
{
"is_managed" : "true",
"guid" : "8F2B770C-4A1B-401A-99BA-9ED80A5C09B9",
"token" : "0x6001f22",
"native_offset" : "0x0",
"filename" : "mscorlib.dll",
"sizeofimage" : "0x470000",
"timestamp" : "0xa6d36809",
"il_offset" : "0x00000"
}
,
{
"is_managed" : "true",
"guid" : "8F2B770C-4A1B-401A-99BA-9ED80A5C09B9",
"token" : "0x6001f7f",
"native_offset" : "0x0",
"filename" : "mscorlib.dll",
"sizeofimage" : "0x470000",
"timestamp" : "0xa6d36809",
"il_offset" : "0x00000"
}
,
{
"is_managed" : "true",
"guid" : "8F2B770C-4A1B-401A-99BA-9ED80A5C09B9",
"token" : "0x00000",
"native_offset" : "0x0",
"filename" : "mscorlib.dll",
"sizeofimage" : "0x470000",
"timestamp" : "0xa6d36809",
"il_offset" : "0x00000"
}
,
{
"is_managed" : "false",
"native_address" : "0x17d89d178",
"native_offset" : "0x00000"
}
,
{
"is_managed" : "false",
"native_address" : "0x17da233ec",
"native_offset" : "0x00000"
}
,
{
"is_managed" : "false",
"native_address" : "0x17da24ffc",
"native_offset" : "0x00000"
}
,
{
"is_managed" : "false",
"native_address" : "0x17da45518",
"native_offset" : "0x00000"
}
,
{
"is_managed" : "false",
"native_address" : "0x17da452d0",
"native_offset" : "0x00000"
}
,
{
"is_managed" : "false",
"native_address" : "0x17dac4d18",
"native_offset" : "0x00000"
}
,
{
"is_managed" : "false",
"native_address" : "0x17dac4ca0",
"native_offset" : "0x00000"
}
,
{
"is_managed" : "false",
"native_address" : "0x1a0c23fa8",
"native_offset" : "0x00000"
}
,
{
"is_managed" : "false",
"native_address" : "0x1a0c1eda0",
"native_offset" : "0x00000"
}

]
},
{
"is_managed" : false,
"offset_free_hash" : "0x0",
"offset_rich_hash" : "0x0",
"crashed" : true,
"native_thread_id" : "0x1fbc21e00",
"thread_info_addr" : "0x14680b000",
"thread_name" : "tid_103",
"ctx" : {
"IP" : "0x1074ecbdc",
"SP" : "0x16b40ed40",
"BP" : "0x16b40ed60"
},
"unmanaged_frames" : [
{
"is_managed" : "false",
"native_address" : "0x17d90d5f8",
"native_offset" : "0x00000"
}
,
{
"is_managed" : "false",
"native_address" : "0x17da446b8",
"native_offset" : "0x00000"
}
,
{
"is_managed" : "false",
"native_address" : "0x17da44a14",
"native_offset" : "0x00000"
}
,
{
"is_managed" : "false",
"native_address" : "0x17da45004",
"native_offset" : "0x00000"
}
,
{
"is_managed" : "false",
"native_address" : "0x17d94f458",
"native_offset" : "0x00000"
}
,
{
"is_managed" : "false",
"native_address" : "0x17d911790",
"native_offset" : "0x00000"
}
,
{
"is_managed" : "false",
"native_address" : "0x17d899eb8",
"native_offset" : "0x00000"
}
,
{
"is_managed" : "false",
"native_address" : "0x1a0c52a24",
"native_offset" : "0x00000"
}
,
{
"is_managed" : "false",
"native_address" : "0x1074eca90",
"native_offset" : "0x00000"
}
,
{
"is_managed" : "false",
"native_address" : "0x1a4088a94",
"native_offset" : "0x00000"
}
,
{
"is_managed" : "false",
"native_address" : "0x1a4192954",
"native_offset" : "0x00000"
}
,
{
"is_managed" : "false",
"native_address" : "0x1a417db94",
"native_offset" : "0x00000"
}
,
{
"is_managed" : "false",
"native_address" : "0x1aa5231fc",
"native_offset" : "0x00000"
}
,
{
"is_managed" : "false",
"native_address" : "0x1aa522680",
"native_offset" : "0x00000"
}
,
{
"is_managed" : "false",
"native_address" : "0x1aa538898",
"native_offset" : "0x00000"
}
,
{
"is_managed" : "false",
"native_address" : "0x1aa596738",
"native_offset" : "0x00000"
}
,
{
"is_managed" : "false",
"native_address" : "0x1aa5a5280",
"native_offset" : "0x00000"
}
,
{
"is_managed" : "false",
"native_address" : "0x1aa51ee68",
"native_offset" : "0x00000"
}
,
{
"is_managed" : "false",
"native_address" : "0x1aa5231fc",
"native_offset" : "0x00000"
}
,
{
"is_managed" : "false",
"native_address" : "0x1aa522680",
"native_offset" : "0x00000"
}
,
{
"is_managed" : "false",
"native_address" : "0x1aa538898",
"native_offset" : "0x00000"
}
,
{
"is_managed" : "false",
"native_address" : "0x1aa6ed6e4",
"native_offset" : "0x00000"
}
,
{
"is_managed" : "false",
"native_address" : "0x1aa5a4bb8",
"native_offset" : "0x00000"
}
,
{
"is_managed" : "false",
"native_address" : "0x1aa6eaddc",
"native_offset" : "0x00000"
}
,
{
"is_managed" : "false",
"native_address" : "0x1dcccb1e0",
"native_offset" : "0x00000"
}
,
{
"is_managed" : "false",
"native_address" : "0x1dcccb200",
"native_offset" : "0x00000"
}
,
{
"is_managed" : "false",
"native_address" : "0x1dcccae80",
"native_offset" : "0x00000"
}
,
{
"is_managed" : "false",
"native_address" : "0x1dcccaca0",
"native_offset" : "0x00000"
}
,
{
"is_managed" : "false",
"native_address" : "0x1dcccc2b4",
"native_offset" : "0x00000"
}
,
{
"is_managed" : "false",
"native_address" : "0x1a0cf7180",
"native_offset" : "0x00000"
}
,
{
"is_managed" : "false",
"native_address" : "0x1a0d92eec",
"native_offset" : "0x00000"
}
,
{
"is_managed" : "false",
"native_address" : "0x1a0d92e34",
"native_offset" : "0x00000"
}
,
{
"is_managed" : "false",
"native_address" : "0x1a0cc84cc",
"native_offset" : "0x00000"
}
,
{
"is_managed" : "false",
"native_address" : "0x1a1c268f4",
"native_offset" : "0x00000"
}
,
{
"is_managed" : "false",
"native_address" : "0x1a0cf7180",
"native_offset" : "0x00000"
}
,
{
"is_managed" : "false",
"native_address" : "0x1a0d92eec",
"native_offset" : "0x00000"
}
,
{
"is_managed" : "false",
"native_address" : "0x1a0d92e34",
"native_offset" : "0x00000"
}
,
{
"is_managed" : "false",
"native_address" : "0x1a0cc84cc",
"native_offset" : "0x00000"
}
,
{
"is_managed" : "false",
"native_address" : "0x1a1c268f4",
"native_offset" : "0x00000"
}
,
{
"is_managed" : "false",
"native_address" : "0x1a40d4d8c",
"native_offset" : "0x00000"
}
,
{
"is_managed" : "false",
"native_address" : "0x1a40d2b4c",
"native_offset" : "0x00000"
}
,
{
"is_managed" : "false",
"native_address" : "0x1a4e82618",
"native_offset" : "0x00000"
}
,
{
"is_managed" : "false",
"native_address" : "0x1a40d2284",
"native_offset" : "0x00000"
}
,
{
"is_managed" : "false",
"native_address" : "0x1a40d1e4c",
"native_offset" : "0x00000"
}
,
{
"is_managed" : "false",
"native_address" : "0x1a48285d0",
"native_offset" : "0x00000"
}
,
{
"is_managed" : "false",
"native_address" : "0x1a40d1d9c",
"native_offset" : "0x00000"
}
,
{
"is_managed" : "false",
"native_address" : "0x1a40d1c08",
"native_offset" : "0x00000"
}
,
{
"is_managed" : "false",
"native_address" : "0x1a4827da8",
"native_offset" : "0x00000"
}
,
{
"is_managed" : "false",
"native_address" : "0x1a40d1800",
"native_offset" : "0x00000"
}
,
{
"is_managed" : "false",
"native_address" : "0x1a40d174c",
"native_offset" : "0x00000"
}
,
{
"is_managed" : "false",
"native_address" : "0x1a40d0cc0",
"native_offset" : "0x00000"
}
,
{
"is_managed" : "false",
"native_address" : "0x1a40d0468",
"native_offset" : "0x00000"
}
,
{
"is_managed" : "false",
"native_address" : "0x1aa5231fc",
"native_offset" : "0x00000"
}
,
{
"is_managed" : "false",
"native_address" : "0x1aa522680",
"native_offset" : "0x00000"
}
,
{
"is_managed" : "false",
"native_address" : "0x1aa522510",
"native_offset" : "0x00000"
}
,
{
"is_managed" : "false",
"native_address" : "0x1aa57f74c",
"native_offset" : "0x00000"
}
,
{
"is_managed" : "false",
"native_address" : "0x1aa57fc9c",
"native_offset" : "0x00000"
}
,
{
"is_managed" : "false",
"native_address" : "0x1aa57faa8",
"native_offset" : "0x00000"
}
,
{
"is_managed" : "false",
"native_address" : "0x1aa57f7a4",
"native_offset" : "0x00000"
}
,
{
"is_managed" : "false",
"native_address" : "0x1aa57f554",
"native_offset" : "0x00000"
}
,
{
"is_managed" : "false",
"native_address" : "0x1aa57f188",
"native_offset" : "0x00000"
}
,
{
"is_managed" : "false",
"native_address" : "0x1aa57ef14",
"native_offset" : "0x00000"
}
,
{
"is_managed" : "false",
"native_address" : "0x1aa57ec98",
"native_offset" : "0x00000"
}
,
{
"is_managed" : "false",
"native_address" : "0x1aa57eafc",
"native_offset" : "0x00000"
}
,
{
"is_managed" : "false",
"native_address" : "0x1aa57e88c",
"native_offset" : "0x00000"
}
,
{
"is_managed" : "false",
"native_address" : "0x1aa57e6a4",
"native_offset" : "0x00000"
}
,
{
"is_managed" : "false",
"native_address" : "0x1aa57e384",
"native_offset" : "0x00000"
}
,
{
"is_managed" : "false",
"native_address" : "0x1aa57e090",
"native_offset" : "0x00000"
}
,
{
"is_managed" : "false",
"native_address" : "0x1aa56bd1c",
"native_offset" : "0x00000"
}
,
{
"is_managed" : "false",
"native_address" : "0x1a482c4b0",
"native_offset" : "0x00000"
}
,
{
"is_managed" : "false",
"native_address" : "0x1a482c18c",
"native_offset" : "0x00000"
}
,
{
"is_managed" : "false",
"native_address" : "0x1a40cf21c",
"native_offset" : "0x00000"
}
,
{
"is_managed" : "false",
"native_address" : "0x1a40cec48",
"native_offset" : "0x00000"
}
,
{
"is_managed" : "false",
"native_address" : "0x1a40ce658",
"native_offset" : "0x00000"
}
,
{
"is_managed" : "false",
"native_address" : "0x1a40ce4b0",
"native_offset" : "0x00000"
}
,
{
"is_managed" : "false",
"native_address" : "0x1a40ce304",
"native_offset" : "0x00000"
}
,
{
"is_managed" : "false",
"native_address" : "0x1a404ef7c",
"native_offset" : "0x00000"
}
,
{
"is_managed" : "false",
"native_address" : "0x1a404ebc8",
"native_offset" : "0x00000"
}
,
{
"is_managed" : "false",
"native_address" : "0x1a44981f0",
"native_offset" : "0x00000"
}
,
{
"is_managed" : "false",
"native_address" : "0x1a4776a3c",
"native_offset" : "0x00000"
}

]
},
{
"is_managed" : false,
"offset_free_hash" : "0x0",
"offset_rich_hash" : "0x0",
"crashed" : false,
"native_thread_id" : "0x17e137000",
"thread_info_addr" : "0x146939600",
"thread_name" : "Finalizer",
"ctx" : {
"IP" : "0x1a0be3e90",
"SP" : "0x17e136dd0",
"BP" : "0x17e136e50"
},
"unmanaged_frames" : [
{
"is_managed" : "false",
"native_address" : "0x17d90d5f8",
"native_offset" : "0x00000"
}
,
{
"is_managed" : "false",
"native_address" : "0x17da446b8",
"native_offset" : "0x00000"
}
,
{
"is_managed" : "false",
"native_address" : "0x17da44a14",
"native_offset" : "0x00000"
}
,
{
"is_managed" : "false",
"native_address" : "0x17da447dc",
"native_offset" : "0x00000"
}
,
{
"is_managed" : "false",
"native_address" : "0x17d94e60c",
"native_offset" : "0x00000"
}
,
{
"is_managed" : "false",
"native_address" : "0x1a0c52a24",
"native_offset" : "0x00000"
}
,
{
"is_managed" : "false",
"native_address" : "0x17da7e26c",
"native_offset" : "0x00000"
}
,
{
"is_managed" : "false",
"native_address" : "0x17da45424",
"native_offset" : "0x00000"
}
,
{
"is_managed" : "false",
"native_address" : "0x17da452d0",
"native_offset" : "0x00000"
}
,
{
"is_managed" : "false",
"native_address" : "0x17dac4d18",
"native_offset" : "0x00000"
}
,
{
"is_managed" : "false",
"native_address" : "0x17dac4ca0",
"native_offset" : "0x00000"
}
,
{
"is_managed" : "false",
"native_address" : "0x1a0c23fa8",
"native_offset" : "0x00000"
}
,
{
"is_managed" : "false",
"native_address" : "0x1a0c1eda0",
"native_offset" : "0x00000"
}

]
},
{
"is_managed" : true,
"offset_free_hash" : "0x1491e05bce",
"offset_rich_hash" : "0x1491e05fb6",
"crashed" : false,
"native_thread_id" : "0x2aa5a7000",
"thread_info_addr" : "0x2a62ddc00",
"thread_name" : "Burst-CompilerThread-1",
"ctx" : {
"IP" : "0x1a0be7710",
"SP" : "0x2aa5a5a80",
"BP" : "0x2aa5a5b10"
},
"managed_frames" : [
{
"is_managed" : "false",
"native_address" : "unregistered"
}
,
{
"is_managed" : "true",
"guid" : "8F2B770C-4A1B-401A-99BA-9ED80A5C09B9",
"token" : "0x00000",
"native_offset" : "0x0",
"filename" : "mscorlib.dll",
"sizeofimage" : "0x470000",
"timestamp" : "0xa6d36809",
"il_offset" : "0xffffffff"
}
,
{
"is_managed" : "true",
"guid" : "8F2B770C-4A1B-401A-99BA-9ED80A5C09B9",
"token" : "0x60020b3",
"native_offset" : "0x0",
"filename" : "mscorlib.dll",
"sizeofimage" : "0x470000",
"timestamp" : "0xa6d36809",
"il_offset" : "0x000c7"
}
,
{
"is_managed" : "true",
"guid" : "8F2B770C-4A1B-401A-99BA-9ED80A5C09B9",
"token" : "0x60020a5",
"native_offset" : "0x0",
"filename" : "mscorlib.dll",
"sizeofimage" : "0x470000",
"timestamp" : "0xa6d36809",
"il_offset" : "0x000a1"
}
,
{
"is_managed" : "true",
"guid" : "8F2B770C-4A1B-401A-99BA-9ED80A5C09B9",
"token" : "0x60020a9",
"native_offset" : "0x0",
"filename" : "mscorlib.dll",
"sizeofimage" : "0x470000",
"timestamp" : "0xa6d36809",
"il_offset" : "0x00000"
}
,
{
"is_managed" : "true",
"guid" : "7B6D8D81-9F48-4934-AAE9-99CADEAF7AA9",
"token" : "0x6003ffb",
"native_offset" : "0x0",
"filename" : "System.dll",
"sizeofimage" : "0x29a000",
"timestamp" : "0x94577df8",
"il_offset" : "0x0006e"
}
,
{
"is_managed" : "true",
"guid" : "7B6D8D81-9F48-4934-AAE9-99CADEAF7AA9",
"token" : "0x6003ffa",
"native_offset" : "0x0",
"filename" : "System.dll",
"sizeofimage" : "0x29a000",
"timestamp" : "0x94577df8",
"il_offset" : "0x0003c"
}
,
{
"is_managed" : "true",
"guid" : "7B6D8D81-9F48-4934-AAE9-99CADEAF7AA9",
"token" : "0x6003ff5",
"native_offset" : "0x0",
"filename" : "System.dll",
"sizeofimage" : "0x29a000",
"timestamp" : "0x94577df8",
"il_offset" : "0x00000"
}
,
{
"is_managed" : "true",
"guid" : "772865CD-AE2D-4BFF-9C30-5A06338CABCF",
"token" : "0x6000b6c",
"native_offset" : "0x0",
"filename" : "Burst.Compiler.IL.dll",
"sizeofimage" : "0x1a4000",
"timestamp" : "0x8dcf0254",
"il_offset" : "0x00024"
}
,
{
"is_managed" : "true",
"guid" : "772865CD-AE2D-4BFF-9C30-5A06338CABCF",
"token" : "0x6000bc3",
"native_offset" : "0x0",
"filename" : "Burst.Compiler.IL.dll",
"sizeofimage" : "0x1a4000",
"timestamp" : "0x8dcf0254",
"il_offset" : "0x00096"
}
,
{
"is_managed" : "true",
"guid" : "8F2B770C-4A1B-401A-99BA-9ED80A5C09B9",
"token" : "0x6001f7d",
"native_offset" : "0x0",
"filename" : "mscorlib.dll",
"sizeofimage" : "0x470000",
"timestamp" : "0xa6d36809",
"il_offset" : "0x00014"
}
,
{
"is_managed" : "true",
"guid" : "8F2B770C-4A1B-401A-99BA-9ED80A5C09B9",
"token" : "0x6001f25",
"native_offset" : "0x0",
"filename" : "mscorlib.dll",
"sizeofimage" : "0x470000",
"timestamp" : "0xa6d36809",
"il_offset" : "0x00071"
}
,
{
"is_managed" : "true",
"guid" : "8F2B770C-4A1B-401A-99BA-9ED80A5C09B9",
"token" : "0x6001f23",
"native_offset" : "0x0",
"filename" : "mscorlib.dll",
"sizeofimage" : "0x470000",
"timestamp" : "0xa6d36809",
"il_offset" : "0x00000"
}
,
{
"is_managed" : "true",
"guid" : "8F2B770C-4A1B-401A-99BA-9ED80A5C09B9",
"token" : "0x6001f22",
"native_offset" : "0x0",
"filename" : "mscorlib.dll",
"sizeofimage" : "0x470000",
"timestamp" : "0xa6d36809",
"il_offset" : "0x0002b"
}
,
{
"is_managed" : "true",
"guid" : "8F2B770C-4A1B-401A-99BA-9ED80A5C09B9",
"token" : "0x6001f7f",
"native_offset" : "0x0",
"filename" : "mscorlib.dll",
"sizeofimage" : "0x470000",
"timestamp" : "0xa6d36809",
"il_offset" : "0x00008"
}
,
{
"is_managed" : "true",
"guid" : "8F2B770C-4A1B-401A-99BA-9ED80A5C09B9",
"token" : "0x00000",
"native_offset" : "0x0",
"filename" : "mscorlib.dll",
"sizeofimage" : "0x470000",
"timestamp" : "0xa6d36809",
"il_offset" : "0x00065"
}

],
"unmanaged_frames" : [
{
"is_managed" : "false",
"native_address" : "0x17d90d5f8",
"native_offset" : "0x00000"
}
,
{
"is_managed" : "false",
"native_address" : "0x17da446b8",
"native_offset" : "0x00000"
}
,
{
"is_managed" : "false",
"native_address" : "0x17da44a14",
"native_offset" : "0x00000"
}
,
{
"is_managed" : "false",
"native_address" : "0x17da447dc",
"native_offset" : "0x00000"
}
,
{
"is_managed" : "false",
"native_address" : "0x17d94e60c",
"native_offset" : "0x00000"
}
,
{
"is_managed" : "false",
"native_address" : "0x1a0c52a24",
"native_offset" : "0x00000"
}
,
{
"is_managed" : "false",
"native_address" : "0x1a0c24574",
"native_offset" : "0x00000"
}
,
{
"is_managed" : "false",
"native_address" : "0x17da93e94",
"native_offset" : "0x00000"
}
,
{
"is_managed" : "false",
"native_address" : "0x17da50cb0",
"native_offset" : "0x00000"
}
,
{
"is_managed" : "false",
"native_address" : "0x17da50928",
"native_offset" : "0x00000"
}
,
{
"is_managed" : "false",
"native_address" : "0x17da3f888",
"native_offset" : "0x00000"
}
,
{
"is_managed" : "false",
"native_address" : "0x17d9e9fd4",
"native_offset" : "0x00000"
}
,
{
"is_managed" : "true",
"guid" : "8F2B770C-4A1B-401A-99BA-9ED80A5C09B9",
"token" : "0x00000",
"native_offset" : "0x0",
"filename" : "mscorlib.dll",
"sizeofimage" : "0x470000",
"timestamp" : "0xa6d36809",
"il_offset" : "0x00000"
}
,
{
"is_managed" : "true",
"guid" : "8F2B770C-4A1B-401A-99BA-9ED80A5C09B9",
"token" : "0x60020b3",
"native_offset" : "0x0",
"filename" : "mscorlib.dll",
"sizeofimage" : "0x470000",
"timestamp" : "0xa6d36809",
"il_offset" : "0x00000"
}
,
{
"is_managed" : "true",
"guid" : "8F2B770C-4A1B-401A-99BA-9ED80A5C09B9",
"token" : "0x60020a5",
"native_offset" : "0x0",
"filename" : "mscorlib.dll",
"sizeofimage" : "0x470000",
"timestamp" : "0xa6d36809",
"il_offset" : "0x00000"
}
,
{
"is_managed" : "true",
"guid" : "8F2B770C-4A1B-401A-99BA-9ED80A5C09B9",
"token" : "0x60020a9",
"native_offset" : "0x0",
"filename" : "mscorlib.dll",
"sizeofimage" : "0x470000",
"timestamp" : "0xa6d36809",
"il_offset" : "0x00000"
}
,
{
"is_managed" : "true",
"guid" : "7B6D8D81-9F48-4934-AAE9-99CADEAF7AA9",
"token" : "0x6003ffb",
"native_offset" : "0x0",
"filename" : "System.dll",
"sizeofimage" : "0x29a000",
"timestamp" : "0x94577df8",
"il_offset" : "0x00000"
}
,
{
"is_managed" : "true",
"guid" : "7B6D8D81-9F48-4934-AAE9-99CADEAF7AA9",
"token" : "0x6003ffa",
"native_offset" : "0x0",
"filename" : "System.dll",
"sizeofimage" : "0x29a000",
"timestamp" : "0x94577df8",
"il_offset" : "0x00000"
}
,
{
"is_managed" : "true",
"guid" : "7B6D8D81-9F48-4934-AAE9-99CADEAF7AA9",
"token" : "0x6003ff5",
"native_offset" : "0x0",
"filename" : "System.dll",
"sizeofimage" : "0x29a000",
"timestamp" : "0x94577df8",
"il_offset" : "0x00000"
}
,
{
"is_managed" : "true",
"guid" : "772865CD-AE2D-4BFF-9C30-5A06338CABCF",
"token" : "0x6000b6c",
"native_offset" : "0x0",
"filename" : "Burst.Compiler.IL.dll",
"sizeofimage" : "0x1a4000",
"timestamp" : "0x8dcf0254",
"il_offset" : "0x00000"
}
,
{
"is_managed" : "true",
"guid" : "772865CD-AE2D-4BFF-9C30-5A06338CABCF",
"token" : "0x6000bc3",
"native_offset" : "0x0",
"filename" : "Burst.Compiler.IL.dll",
"sizeofimage" : "0x1a4000",
"timestamp" : "0x8dcf0254",
"il_offset" : "0x00000"
}
,
{
"is_managed" : "true",
"guid" : "8F2B770C-4A1B-401A-99BA-9ED80A5C09B9",
"token" : "0x6001f7d",
"native_offset" : "0x0",
"filename" : "mscorlib.dll",
"sizeofimage" : "0x470000",
"timestamp" : "0xa6d36809",
"il_offset" : "0x00000"
}
,
{
"is_managed" : "true",
"guid" : "8F2B770C-4A1B-401A-99BA-9ED80A5C09B9",
"token" : "0x6001f25",
"native_offset" : "0x0",
"filename" : "mscorlib.dll",
"sizeofimage" : "0x470000",
"timestamp" : "0xa6d36809",
"il_offset" : "0x00000"
}
,
{
"is_managed" : "true",
"guid" : "8F2B770C-4A1B-401A-99BA-9ED80A5C09B9",
"token" : "0x6001f23",
"native_offset" : "0x0",
"filename" : "mscorlib.dll",
"sizeofimage" : "0x470000",
"timestamp" : "0xa6d36809",
"il_offset" : "0x00000"
}
,
{
"is_managed" : "true",
"guid" : "8F2B770C-4A1B-401A-99BA-9ED80A5C09B9",
"token" : "0x6001f22",
"native_offset" : "0x0",
"filename" : "mscorlib.dll",
"sizeofimage" : "0x470000",
"timestamp" : "0xa6d36809",
"il_offset" : "0x00000"
}
,
{
"is_managed" : "true",
"guid" : "8F2B770C-4A1B-401A-99BA-9ED80A5C09B9",
"token" : "0x6001f7f",
"native_offset" : "0x0",
"filename" : "mscorlib.dll",
"sizeofimage" : "0x470000",
"timestamp" : "0xa6d36809",
"il_offset" : "0x00000"
}
,
{
"is_managed" : "true",
"guid" : "8F2B770C-4A1B-401A-99BA-9ED80A5C09B9",
"token" : "0x00000",
"native_offset" : "0x0",
"filename" : "mscorlib.dll",
"sizeofimage" : "0x470000",
"timestamp" : "0xa6d36809",
"il_offset" : "0x00000"
}
,
{
"is_managed" : "false",
"native_address" : "0x17d89d178",
"native_offset" : "0x00000"
}
,
{
"is_managed" : "false",
"native_address" : "0x17da233ec",
"native_offset" : "0x00000"
}
,
{
"is_managed" : "false",
"native_address" : "0x17da24ffc",
"native_offset" : "0x00000"
}
,
{
"is_managed" : "false",
"native_address" : "0x17da45518",
"native_offset" : "0x00000"
}
,
{
"is_managed" : "false",
"native_address" : "0x17da452d0",
"native_offset" : "0x00000"
}
,
{
"is_managed" : "false",
"native_address" : "0x17dac4d18",
"native_offset" : "0x00000"
}
,
{
"is_managed" : "false",
"native_address" : "0x17dac4ca0",
"native_offset" : "0x00000"
}
,
{
"is_managed" : "false",
"native_address" : "0x1a0c23fa8",
"native_offset" : "0x00000"
}
,
{
"is_managed" : "false",
"native_address" : "0x1a0c1eda0",
"native_offset" : "0x00000"
}

]
},
{
"is_managed" : false,
"offset_free_hash" : "0x0",
"offset_rich_hash" : "0x0",
"crashed" : false,
"native_thread_id" : "0x2a7443000",
"thread_info_addr" : "0x135203000",
"thread_name" : "Thread Pool I/O Selector",
"ctx" : {
"IP" : "0x1a0beeff0",
"SP" : "0x2a7442ae0",
"BP" : "0x2a7442ce0"
},
"unmanaged_frames" : [
{
"is_managed" : "false",
"native_address" : "0x17d90d5f8",
"native_offset" : "0x00000"
}
,
{
"is_managed" : "false",
"native_address" : "0x17da446b8",
"native_offset" : "0x00000"
}
,
{
"is_managed" : "false",
"native_address" : "0x17da44a14",
"native_offset" : "0x00000"
}
,
{
"is_managed" : "false",
"native_address" : "0x17da447dc",
"native_offset" : "0x00000"
}
,
{
"is_managed" : "false",
"native_address" : "0x17d94e60c",
"native_offset" : "0x00000"
}
,
{
"is_managed" : "false",
"native_address" : "0x1a0c52a24",
"native_offset" : "0x00000"
}
,
{
"is_managed" : "false",
"native_address" : "0x17da96910",
"native_offset" : "0x00000"
}
,
{
"is_managed" : "false",
"native_address" : "0x17da49bf4",
"native_offset" : "0x00000"
}
,
{
"is_managed" : "false",
"native_address" : "0x17da4960c",
"native_offset" : "0x00000"
}
,
{
"is_managed" : "false",
"native_address" : "0x17da45424",
"native_offset" : "0x00000"
}
,
{
"is_managed" : "false",
"native_address" : "0x17da452d0",
"native_offset" : "0x00000"
}
,
{
"is_managed" : "false",
"native_address" : "0x17dac4d18",
"native_offset" : "0x00000"
}
,
{
"is_managed" : "false",
"native_address" : "0x17dac4ca0",
"native_offset" : "0x00000"
}
,
{
"is_managed" : "false",
"native_address" : "0x1a0c23fa8",
"native_offset" : "0x00000"
}
,
{
"is_managed" : "false",
"native_address" : "0x1a0c1eda0",
"native_offset" : "0x00000"
}

]
},
{
"is_managed" : false,
"offset_free_hash" : "0x0",
"offset_rich_hash" : "0x0",
"crashed" : false,
"native_thread_id" : "0x17e343000",
"thread_info_addr" : "0x14695f800",
"thread_name" : "Debugger agent",
"ctx" : {
"IP" : "0x1a0bec808",
"SP" : "0x17e342aa0",
"BP" : "0x17e342ae0"
},
"unmanaged_frames" : [
{
"is_managed" : "false",
"native_address" : "0x17d90d5f8",
"native_offset" : "0x00000"
}
,
{
"is_managed" : "false",
"native_address" : "0x17da446b8",
"native_offset" : "0x00000"
}
,
{
"is_managed" : "false",
"native_address" : "0x17da44a14",
"native_offset" : "0x00000"
}
,
{
"is_managed" : "false",
"native_address" : "0x17da447dc",
"native_offset" : "0x00000"
}
,
{
"is_managed" : "false",
"native_address" : "0x17d94e60c",
"native_offset" : "0x00000"
}
,
{
"is_managed" : "false",
"native_address" : "0x1a0c52a24",
"native_offset" : "0x00000"
}
,
{
"is_managed" : "false",
"native_address" : "0x17d97d7c8",
"native_offset" : "0x00000"
}
,
{
"is_managed" : "false",
"native_address" : "0x17d9743c4",
"native_offset" : "0x00000"
}
,
{
"is_managed" : "false",
"native_address" : "0x17da45424",
"native_offset" : "0x00000"
}
,
{
"is_managed" : "false",
"native_address" : "0x17da452d0",
"native_offset" : "0x00000"
}
,
{
"is_managed" : "false",
"native_address" : "0x17dac4d18",
"native_offset" : "0x00000"
}
,
{
"is_managed" : "false",
"native_address" : "0x17dac4ca0",
"native_offset" : "0x00000"
}
,
{
"is_managed" : "false",
"native_address" : "0x1a0c23fa8",
"native_offset" : "0x00000"
}
,
{
"is_managed" : "false",
"native_address" : "0x1a0c1eda0",
"native_offset" : "0x00000"
}

]
},
{
"is_managed" : true,
"offset_free_hash" : "0x1491e05bce",
"offset_rich_hash" : "0x1491e05fb6",
"crashed" : false,
"native_thread_id" : "0x2b5a07000",
"thread_info_addr" : "0x125850e00",
"thread_name" : "Burst-CompilerThread-6",
"ctx" : {
"IP" : "0x1a0be7710",
"SP" : "0x2b5a05a80",
"BP" : "0x2b5a05b10"
},
"managed_frames" : [
{
"is_managed" : "false",
"native_address" : "unregistered"
}
,
{
"is_managed" : "true",
"guid" : "8F2B770C-4A1B-401A-99BA-9ED80A5C09B9",
"token" : "0x00000",
"native_offset" : "0x0",
"filename" : "mscorlib.dll",
"sizeofimage" : "0x470000",
"timestamp" : "0xa6d36809",
"il_offset" : "0xffffffff"
}
,
{
"is_managed" : "true",
"guid" : "8F2B770C-4A1B-401A-99BA-9ED80A5C09B9",
"token" : "0x60020b3",
"native_offset" : "0x0",
"filename" : "mscorlib.dll",
"sizeofimage" : "0x470000",
"timestamp" : "0xa6d36809",
"il_offset" : "0x000c7"
}
,
{
"is_managed" : "true",
"guid" : "8F2B770C-4A1B-401A-99BA-9ED80A5C09B9",
"token" : "0x60020a5",
"native_offset" : "0x0",
"filename" : "mscorlib.dll",
"sizeofimage" : "0x470000",
"timestamp" : "0xa6d36809",
"il_offset" : "0x000a1"
}
,
{
"is_managed" : "true",
"guid" : "8F2B770C-4A1B-401A-99BA-9ED80A5C09B9",
"token" : "0x60020a9",
"native_offset" : "0x0",
"filename" : "mscorlib.dll",
"sizeofimage" : "0x470000",
"timestamp" : "0xa6d36809",
"il_offset" : "0x00000"
}
,
{
"is_managed" : "true",
"guid" : "7B6D8D81-9F48-4934-AAE9-99CADEAF7AA9",
"token" : "0x6003ffb",
"native_offset" : "0x0",
"filename" : "System.dll",
"sizeofimage" : "0x29a000",
"timestamp" : "0x94577df8",
"il_offset" : "0x0006e"
}
,
{
"is_managed" : "true",
"guid" : "7B6D8D81-9F48-4934-AAE9-99CADEAF7AA9",
"token" : "0x6003ffa",
"native_offset" : "0x0",
"filename" : "System.dll",
"sizeofimage" : "0x29a000",
"timestamp" : "0x94577df8",
"il_offset" : "0x0003c"
}
,
{
"is_managed" : "true",
"guid" : "7B6D8D81-9F48-4934-AAE9-99CADEAF7AA9",
"token" : "0x6003ff5",
"native_offset" : "0x0",
"filename" : "System.dll",
"sizeofimage" : "0x29a000",
"timestamp" : "0x94577df8",
"il_offset" : "0x00000"
}
,
{
"is_managed" : "true",
"guid" : "772865CD-AE2D-4BFF-9C30-5A06338CABCF",
"token" : "0x6000b6c",
"native_offset" : "0x0",
"filename" : "Burst.Compiler.IL.dll",
"sizeofimage" : "0x1a4000",
"timestamp" : "0x8dcf0254",
"il_offset" : "0x00024"
}
,
{
"is_managed" : "true",
"guid" : "772865CD-AE2D-4BFF-9C30-5A06338CABCF",
"token" : "0x6000bc3",
"native_offset" : "0x0",
"filename" : "Burst.Compiler.IL.dll",
"sizeofimage" : "0x1a4000",
"timestamp" : "0x8dcf0254",
"il_offset" : "0x00096"
}
,
{
"is_managed" : "true",
"guid" : "8F2B770C-4A1B-401A-99BA-9ED80A5C09B9",
"token" : "0x6001f7d",
"native_offset" : "0x0",
"filename" : "mscorlib.dll",
"sizeofimage" : "0x470000",
"timestamp" : "0xa6d36809",
"il_offset" : "0x00014"
}
,
{
"is_managed" : "true",
"guid" : "8F2B770C-4A1B-401A-99BA-9ED80A5C09B9",
"token" : "0x6001f25",
"native_offset" : "0x0",
"filename" : "mscorlib.dll",
"sizeofimage" : "0x470000",
"timestamp" : "0xa6d36809",
"il_offset" : "0x00071"
}
,
{
"is_managed" : "true",
"guid" : "8F2B770C-4A1B-401A-99BA-9ED80A5C09B9",
"token" : "0x6001f23",
"native_offset" : "0x0",
"filename" : "mscorlib.dll",
"sizeofimage" : "0x470000",
"timestamp" : "0xa6d36809",
"il_offset" : "0x00000"
}
,
{
"is_managed" : "true",
"guid" : "8F2B770C-4A1B-401A-99BA-9ED80A5C09B9",
"token" : "0x6001f22",
"native_offset" : "0x0",
"filename" : "mscorlib.dll",
"sizeofimage" : "0x470000",
"timestamp" : "0xa6d36809",
"il_offset" : "0x0002b"
}
,
{
"is_managed" : "true",
"guid" : "8F2B770C-4A1B-401A-99BA-9ED80A5C09B9",
"token" : "0x6001f7f",
"native_offset" : "0x0",
"filename" : "mscorlib.dll",
"sizeofimage" : "0x470000",
"timestamp" : "0xa6d36809",
"il_offset" : "0x00008"
}
,
{
"is_managed" : "true",
"guid" : "8F2B770C-4A1B-401A-99BA-9ED80A5C09B9",
"token" : "0x00000",
"native_offset" : "0x0",
"filename" : "mscorlib.dll",
"sizeofimage" : "0x470000",
"timestamp" : "0xa6d36809",
"il_offset" : "0x00065"
}

],
"unmanaged_frames" : [
{
"is_managed" : "false",
"native_address" : "0x17d90d5f8",
"native_offset" : "0x00000"
}
,
{
"is_managed" : "false",
"native_address" : "0x17da446b8",
"native_offset" : "0x00000"
}
,
{
"is_managed" : "false",
"native_address" : "0x17da44a14",
"native_offset" : "0x00000"
}
,
{
"is_managed" : "false",
"native_address" : "0x17da447dc",
"native_offset" : "0x00000"
}
,
{
"is_managed" : "false",
"native_address" : "0x17d94e60c",
"native_offset" : "0x00000"
}
,
{
"is_managed" : "false",
"native_address" : "0x1a0c52a24",
"native_offset" : "0x00000"
}
,
{
"is_managed" : "false",
"native_address" : "0x1a0c24574",
"native_offset" : "0x00000"
}
,
{
"is_managed" : "false",
"native_address" : "0x17da93e94",
"native_offset" : "0x00000"
}
,
{
"is_managed" : "false",
"native_address" : "0x17da50cb0",
"native_offset" : "0x00000"
}
,
{
"is_managed" : "false",
"native_address" : "0x17da50928",
"native_offset" : "0x00000"
}
,
{
"is_managed" : "false",
"native_address" : "0x17da3f888",
"native_offset" : "0x00000"
}
,
{
"is_managed" : "false",
"native_address" : "0x17d9e9fd4",
"native_offset" : "0x00000"
}
,
{
"is_managed" : "true",
"guid" : "8F2B770C-4A1B-401A-99BA-9ED80A5C09B9",
"token" : "0x00000",
"native_offset" : "0x0",
"filename" : "mscorlib.dll",
"sizeofimage" : "0x470000",
"timestamp" : "0xa6d36809",
"il_offset" : "0x00000"
}
,
{
"is_managed" : "true",
"guid" : "8F2B770C-4A1B-401A-99BA-9ED80A5C09B9",
"token" : "0x60020b3",
"native_offset" : "0x0",
"filename" : "mscorlib.dll",
"sizeofimage" : "0x470000",
"timestamp" : "0xa6d36809",
"il_offset" : "0x00000"
}
,
{
"is_managed" : "true",
"guid" : "8F2B770C-4A1B-401A-99BA-9ED80A5C09B9",
"token" : "0x60020a5",
"native_offset" : "0x0",
"filename" : "mscorlib.dll",
"sizeofimage" : "0x470000",
"timestamp" : "0xa6d36809",
"il_offset" : "0x00000"
}
,
{
"is_managed" : "true",
"guid" : "8F2B770C-4A1B-401A-99BA-9ED80A5C09B9",
"token" : "0x60020a9",
"native_offset" : "0x0",
"filename" : "mscorlib.dll",
"sizeofimage" : "0x470000",
"timestamp" : "0xa6d36809",
"il_offset" : "0x00000"
}
,
{
"is_managed" : "true",
"guid" : "7B6D8D81-9F48-4934-AAE9-99CADEAF7AA9",
"token" : "0x6003ffb",
"native_offset" : "0x0",
"filename" : "System.dll",
"sizeofimage" : "0x29a000",
"timestamp" : "0x94577df8",
"il_offset" : "0x00000"
}
,
{
"is_managed" : "true",
"guid" : "7B6D8D81-9F48-4934-AAE9-99CADEAF7AA9",
"token" : "0x6003ffa",
"native_offset" : "0x0",
"filename" : "System.dll",
"sizeofimage" : "0x29a000",
"timestamp" : "0x94577df8",
"il_offset" : "0x00000"
}
,
{
"is_managed" : "true",
"guid" : "7B6D8D81-9F48-4934-AAE9-99CADEAF7AA9",
"token" : "0x6003ff5",
"native_offset" : "0x0",
"filename" : "System.dll",
"sizeofimage" : "0x29a000",
"timestamp" : "0x94577df8",
"il_offset" : "0x00000"
}
,
{
"is_managed" : "true",
"guid" : "772865CD-AE2D-4BFF-9C30-5A06338CABCF",
"token" : "0x6000b6c",
"native_offset" : "0x0",
"filename" : "Burst.Compiler.IL.dll",
"sizeofimage" : "0x1a4000",
"timestamp" : "0x8dcf0254",
"il_offset" : "0x00000"
}
,
{
"is_managed" : "true",
"guid" : "772865CD-AE2D-4BFF-9C30-5A06338CABCF",
"token" : "0x6000bc3",
"native_offset" : "0x0",
"filename" : "Burst.Compiler.IL.dll",
"sizeofimage" : "0x1a4000",
"timestamp" : "0x8dcf0254",
"il_offset" : "0x00000"
}
,
{
"is_managed" : "true",
"guid" : "8F2B770C-4A1B-401A-99BA-9ED80A5C09B9",
"token" : "0x6001f7d",
"native_offset" : "0x0",
"filename" : "mscorlib.dll",
"sizeofimage" : "0x470000",
"timestamp" : "0xa6d36809",
"il_offset" : "0x00000"
}
,
{
"is_managed" : "true",
"guid" : "8F2B770C-4A1B-401A-99BA-9ED80A5C09B9",
"token" : "0x6001f25",
"native_offset" : "0x0",
"filename" : "mscorlib.dll",
"sizeofimage" : "0x470000",
"timestamp" : "0xa6d36809",
"il_offset" : "0x00000"
}
,
{
"is_managed" : "true",
"guid" : "8F2B770C-4A1B-401A-99BA-9ED80A5C09B9",
"token" : "0x6001f23",
"native_offset" : "0x0",
"filename" : "mscorlib.dll",
"sizeofimage" : "0x470000",
"timestamp" : "0xa6d36809",
"il_offset" : "0x00000"
}
,
{
"is_managed" : "true",
"guid" : "8F2B770C-4A1B-401A-99BA-9ED80A5C09B9",
"token" : "0x6001f22",
"native_offset" : "0x0",
"filename" : "mscorlib.dll",
"sizeofimage" : "0x470000",
"timestamp" : "0xa6d36809",
"il_offset" : "0x00000"
}
,
{
"is_managed" : "true",
"guid" : "8F2B770C-4A1B-401A-99BA-9ED80A5C09B9",
"token" : "0x6001f7f",
"native_offset" : "0x0",
"filename" : "mscorlib.dll",
"sizeofimage" : "0x470000",
"timestamp" : "0xa6d36809",
"il_offset" : "0x00000"
}
,
{
"is_managed" : "true",
"guid" : "8F2B770C-4A1B-401A-99BA-9ED80A5C09B9",
"token" : "0x00000",
"native_offset" : "0x0",
"filename" : "mscorlib.dll",
"sizeofimage" : "0x470000",
"timestamp" : "0xa6d36809",
"il_offset" : "0x00000"
}
,
{
"is_managed" : "false",
"native_address" : "0x17d89d178",
"native_offset" : "0x00000"
}
,
{
"is_managed" : "false",
"native_address" : "0x17da233ec",
"native_offset" : "0x00000"
}
,
{
"is_managed" : "false",
"native_address" : "0x17da24ffc",
"native_offset" : "0x00000"
}
,
{
"is_managed" : "false",
"native_address" : "0x17da45518",
"native_offset" : "0x00000"
}
,
{
"is_managed" : "false",
"native_address" : "0x17da452d0",
"native_offset" : "0x00000"
}
,
{
"is_managed" : "false",
"native_address" : "0x17dac4d18",
"native_offset" : "0x00000"
}
,
{
"is_managed" : "false",
"native_address" : "0x17dac4ca0",
"native_offset" : "0x00000"
}
,
{
"is_managed" : "false",
"native_address" : "0x1a0c23fa8",
"native_offset" : "0x00000"
}
,
{
"is_managed" : "false",
"native_address" : "0x1a0c1eda0",
"native_offset" : "0x00000"
}

]
},
{
"is_managed" : true,
"offset_free_hash" : "0x1491e05bce",
"offset_rich_hash" : "0x1491e05fb6",
"crashed" : false,
"native_thread_id" : "0x2b0e87000",
"thread_info_addr" : "0x13542e200",
"thread_name" : "Burst-CompilerThread-3",
"ctx" : {
"IP" : "0x1a0be7710",
"SP" : "0x2b0e85a80",
"BP" : "0x2b0e85b10"
},
"managed_frames" : [
{
"is_managed" : "false",
"native_address" : "unregistered"
}
,
{
"is_managed" : "true",
"guid" : "8F2B770C-4A1B-401A-99BA-9ED80A5C09B9",
"token" : "0x00000",
"native_offset" : "0x0",
"filename" : "mscorlib.dll",
"sizeofimage" : "0x470000",
"timestamp" : "0xa6d36809",
"il_offset" : "0xffffffff"
}
,
{
"is_managed" : "true",
"guid" : "8F2B770C-4A1B-401A-99BA-9ED80A5C09B9",
"token" : "0x60020b3",
"native_offset" : "0x0",
"filename" : "mscorlib.dll",
"sizeofimage" : "0x470000",
"timestamp" : "0xa6d36809",
"il_offset" : "0x000c7"
}
,
{
"is_managed" : "true",
"guid" : "8F2B770C-4A1B-401A-99BA-9ED80A5C09B9",
"token" : "0x60020a5",
"native_offset" : "0x0",
"filename" : "mscorlib.dll",
"sizeofimage" : "0x470000",
"timestamp" : "0xa6d36809",
"il_offset" : "0x000a1"
}
,
{
"is_managed" : "true",
"guid" : "8F2B770C-4A1B-401A-99BA-9ED80A5C09B9",
"token" : "0x60020a9",
"native_offset" : "0x0",
"filename" : "mscorlib.dll",
"sizeofimage" : "0x470000",
"timestamp" : "0xa6d36809",
"il_offset" : "0x00000"
}
,
{
"is_managed" : "true",
"guid" : "7B6D8D81-9F48-4934-AAE9-99CADEAF7AA9",
"token" : "0x6003ffb",
"native_offset" : "0x0",
"filename" : "System.dll",
"sizeofimage" : "0x29a000",
"timestamp" : "0x94577df8",
"il_offset" : "0x0006e"
}
,
{
"is_managed" : "true",
"guid" : "7B6D8D81-9F48-4934-AAE9-99CADEAF7AA9",
"token" : "0x6003ffa",
"native_offset" : "0x0",
"filename" : "System.dll",
"sizeofimage" : "0x29a000",
"timestamp" : "0x94577df8",
"il_offset" : "0x0003c"
}
,
{
"is_managed" : "true",
"guid" : "7B6D8D81-9F48-4934-AAE9-99CADEAF7AA9",
"token" : "0x6003ff5",
"native_offset" : "0x0",
"filename" : "System.dll",
"sizeofimage" : "0x29a000",
"timestamp" : "0x94577df8",
"il_offset" : "0x00000"
}
,
{
"is_managed" : "true",
"guid" : "772865CD-AE2D-4BFF-9C30-5A06338CABCF",
"token" : "0x6000b6c",
"native_offset" : "0x0",
"filename" : "Burst.Compiler.IL.dll",
"sizeofimage" : "0x1a4000",
"timestamp" : "0x8dcf0254",
"il_offset" : "0x00024"
}
,
{
"is_managed" : "true",
"guid" : "772865CD-AE2D-4BFF-9C30-5A06338CABCF",
"token" : "0x6000bc3",
"native_offset" : "0x0",
"filename" : "Burst.Compiler.IL.dll",
"sizeofimage" : "0x1a4000",
"timestamp" : "0x8dcf0254",
"il_offset" : "0x00096"
}
,
{
"is_managed" : "true",
"guid" : "8F2B770C-4A1B-401A-99BA-9ED80A5C09B9",
"token" : "0x6001f7d",
"native_offset" : "0x0",
"filename" : "mscorlib.dll",
"sizeofimage" : "0x470000",
"timestamp" : "0xa6d36809",
"il_offset" : "0x00014"
}
,
{
"is_managed" : "true",
"guid" : "8F2B770C-4A1B-401A-99BA-9ED80A5C09B9",
"token" : "0x6001f25",
"native_offset" : "0x0",
"filename" : "mscorlib.dll",
"sizeofimage" : "0x470000",
"timestamp" : "0xa6d36809",
"il_offset" : "0x00071"
}
,
{
"is_managed" : "true",
"guid" : "8F2B770C-4A1B-401A-99BA-9ED80A5C09B9",
"token" : "0x6001f23",
"native_offset" : "0x0",
"filename" : "mscorlib.dll",
"sizeofimage" : "0x470000",
"timestamp" : "0xa6d36809",
"il_offset" : "0x00000"
}
,
{
"is_managed" : "true",
"guid" : "8F2B770C-4A1B-401A-99BA-9ED80A5C09B9",
"token" : "0x6001f22",
"native_offset" : "0x0",
"filename" : "mscorlib.dll",
"sizeofimage" : "0x470000",
"timestamp" : "0xa6d36809",
"il_offset" : "0x0002b"
}
,
{
"is_managed" : "true",
"guid" : "8F2B770C-4A1B-401A-99BA-9ED80A5C09B9",
"token" : "0x6001f7f",
"native_offset" : "0x0",
"filename" : "mscorlib.dll",
"sizeofimage" : "0x470000",
"timestamp" : "0xa6d36809",
"il_offset" : "0x00008"
}
,
{
"is_managed" : "true",
"guid" : "8F2B770C-4A1B-401A-99BA-9ED80A5C09B9",
"token" : "0x00000",
"native_offset" : "0x0",
"filename" : "mscorlib.dll",
"sizeofimage" : "0x470000",
"timestamp" : "0xa6d36809",
"il_offset" : "0x00065"
}

],
"unmanaged_frames" : [
{
"is_managed" : "false",
"native_address" : "0x17d90d5f8",
"native_offset" : "0x00000"
}
,
{
"is_managed" : "false",
"native_address" : "0x17da446b8",
"native_offset" : "0x00000"
}
,
{
"is_managed" : "false",
"native_address" : "0x17da44a14",
"native_offset" : "0x00000"
}
,
{
"is_managed" : "false",
"native_address" : "0x17da447dc",
"native_offset" : "0x00000"
}
,
{
"is_managed" : "false",
"native_address" : "0x17d94e60c",
"native_offset" : "0x00000"
}
,
{
"is_managed" : "false",
"native_address" : "0x1a0c52a24",
"native_offset" : "0x00000"
}
,
{
"is_managed" : "false",
"native_address" : "0x1a0c24574",
"native_offset" : "0x00000"
}
,
{
"is_managed" : "false",
"native_address" : "0x17da93e94",
"native_offset" : "0x00000"
}
,
{
"is_managed" : "false",
"native_address" : "0x17da50cb0",
"native_offset" : "0x00000"
}
,
{
"is_managed" : "false",
"native_address" : "0x17da50928",
"native_offset" : "0x00000"
}
,
{
"is_managed" : "false",
"native_address" : "0x17da3f888",
"native_offset" : "0x00000"
}
,
{
"is_managed" : "false",
"native_address" : "0x17d9e9fd4",
"native_offset" : "0x00000"
}
,
{
"is_managed" : "true",
"guid" : "8F2B770C-4A1B-401A-99BA-9ED80A5C09B9",
"token" : "0x00000",
"native_offset" : "0x0",
"filename" : "mscorlib.dll",
"sizeofimage" : "0x470000",
"timestamp" : "0xa6d36809",
"il_offset" : "0x00000"
}
,
{
"is_managed" : "true",
"guid" : "8F2B770C-4A1B-401A-99BA-9ED80A5C09B9",
"token" : "0x60020b3",
"native_offset" : "0x0",
"filename" : "mscorlib.dll",
"sizeofimage" : "0x470000",
"timestamp" : "0xa6d36809",
"il_offset" : "0x00000"
}
,
{
"is_managed" : "true",
"guid" : "8F2B770C-4A1B-401A-99BA-9ED80A5C09B9",
"token" : "0x60020a5",
"native_offset" : "0x0",
"filename" : "mscorlib.dll",
"sizeofimage" : "0x470000",
"timestamp" : "0xa6d36809",
"il_offset" : "0x00000"
}
,
{
"is_managed" : "true",
"guid" : "8F2B770C-4A1B-401A-99BA-9ED80A5C09B9",
"token" : "0x60020a9",
"native_offset" : "0x0",
"filename" : "mscorlib.dll",
"sizeofimage" : "0x470000",
"timestamp" : "0xa6d36809",
"il_offset" : "0x00000"
}
,
{
"is_managed" : "true",
"guid" : "7B6D8D81-9F48-4934-AAE9-99CADEAF7AA9",
"token" : "0x6003ffb",
"native_offset" : "0x0",
"filename" : "System.dll",
"sizeofimage" : "0x29a000",
"timestamp" : "0x94577df8",
"il_offset" : "0x00000"
}
,
{
"is_managed" : "true",
"guid" : "7B6D8D81-9F48-4934-AAE9-99CADEAF7AA9",
"token" : "0x6003ffa",
"native_offset" : "0x0",
"filename" : "System.dll",
"sizeofimage" : "0x29a000",
"timestamp" : "0x94577df8",
"il_offset" : "0x00000"
}
,
{
"is_managed" : "true",
"guid" : "7B6D8D81-9F48-4934-AAE9-99CADEAF7AA9",
"token" : "0x6003ff5",
"native_offset" : "0x0",
"filename" : "System.dll",
"sizeofimage" : "0x29a000",
"timestamp" : "0x94577df8",
"il_offset" : "0x00000"
}
,
{
"is_managed" : "true",
"guid" : "772865CD-AE2D-4BFF-9C30-5A06338CABCF",
"token" : "0x6000b6c",
"native_offset" : "0x0",
"filename" : "Burst.Compiler.IL.dll",
"sizeofimage" : "0x1a4000",
"timestamp" : "0x8dcf0254",
"il_offset" : "0x00000"
}
,
{
"is_managed" : "true",
"guid" : "772865CD-AE2D-4BFF-9C30-5A06338CABCF",
"token" : "0x6000bc3",
"native_offset" : "0x0",
"filename" : "Burst.Compiler.IL.dll",
"sizeofimage" : "0x1a4000",
"timestamp" : "0x8dcf0254",
"il_offset" : "0x00000"
}
,
{
"is_managed" : "true",
"guid" : "8F2B770C-4A1B-401A-99BA-9ED80A5C09B9",
"token" : "0x6001f7d",
"native_offset" : "0x0",
"filename" : "mscorlib.dll",
"sizeofimage" : "0x470000",
"timestamp" : "0xa6d36809",
"il_offset" : "0x00000"
}
,
{
"is_managed" : "true",
"guid" : "8F2B770C-4A1B-401A-99BA-9ED80A5C09B9",
"token" : "0x6001f25",
"native_offset" : "0x0",
"filename" : "mscorlib.dll",
"sizeofimage" : "0x470000",
"timestamp" : "0xa6d36809",
"il_offset" : "0x00000"
}
,
{
"is_managed" : "true",
"guid" : "8F2B770C-4A1B-401A-99BA-9ED80A5C09B9",
"token" : "0x6001f23",
"native_offset" : "0x0",
"filename" : "mscorlib.dll",
"sizeofimage" : "0x470000",
"timestamp" : "0xa6d36809",
"il_offset" : "0x00000"
}
,
{
"is_managed" : "true",
"guid" : "8F2B770C-4A1B-401A-99BA-9ED80A5C09B9",
"token" : "0x6001f22",
"native_offset" : "0x0",
"filename" : "mscorlib.dll",
"sizeofimage" : "0x470000",
"timestamp" : "0xa6d36809",
"il_offset" : "0x00000"
}
,
{
"is_managed" : "true",
"guid" : "8F2B770C-4A1B-401A-99BA-9ED80A5C09B9",
"token" : "0x6001f7f",
"native_offset" : "0x0",
"filename" : "mscorlib.dll",
"sizeofimage" : "0x470000",
"timestamp" : "0xa6d36809",
"il_offset" : "0x00000"
}
,
{
"is_managed" : "true",
"guid" : "8F2B770C-4A1B-401A-99BA-9ED80A5C09B9",
"token" : "0x00000",
"native_offset" : "0x0",
"filename" : "mscorlib.dll",
"sizeofimage" : "0x470000",
"timestamp" : "0xa6d36809",
"il_offset" : "0x00000"
}
,
{
"is_managed" : "false",
"native_address" : "0x17d89d178",
"native_offset" : "0x00000"
}
,
{
"is_managed" : "false",
"native_address" : "0x17da233ec",
"native_offset" : "0x00000"
}
,
{
"is_managed" : "false",
"native_address" : "0x17da24ffc",
"native_offset" : "0x00000"
}
,
{
"is_managed" : "false",
"native_address" : "0x17da45518",
"native_offset" : "0x00000"
}
,
{
"is_managed" : "false",
"native_address" : "0x17da452d0",
"native_offset" : "0x00000"
}
,
{
"is_managed" : "false",
"native_address" : "0x17dac4d18",
"native_offset" : "0x00000"
}
,
{
"is_managed" : "false",
"native_address" : "0x17dac4ca0",
"native_offset" : "0x00000"
}
,
{
"is_managed" : "false",
"native_address" : "0x1a0c23fa8",
"native_offset" : "0x00000"
}
,
{
"is_managed" : "false",
"native_address" : "0x1a0c1eda0",
"native_offset" : "0x00000"
}

]
},
{
"is_managed" : true,
"offset_free_hash" : "0x1491e05bce",
"offset_rich_hash" : "0x1491e05fb6",
"crashed" : false,
"native_thread_id" : "0x2aa7b3000",
"thread_info_addr" : "0x145685000",
"thread_name" : "Burst-CompilerThread-2",
"ctx" : {
"IP" : "0x1a0be7710",
"SP" : "0x2aa7b1a80",
"BP" : "0x2aa7b1b10"
},
"managed_frames" : [
{
"is_managed" : "false",
"native_address" : "unregistered"
}
,
{
"is_managed" : "true",
"guid" : "8F2B770C-4A1B-401A-99BA-9ED80A5C09B9",
"token" : "0x00000",
"native_offset" : "0x0",
"filename" : "mscorlib.dll",
"sizeofimage" : "0x470000",
"timestamp" : "0xa6d36809",
"il_offset" : "0xffffffff"
}
,
{
"is_managed" : "true",
"guid" : "8F2B770C-4A1B-401A-99BA-9ED80A5C09B9",
"token" : "0x60020b3",
"native_offset" : "0x0",
"filename" : "mscorlib.dll",
"sizeofimage" : "0x470000",
"timestamp" : "0xa6d36809",
"il_offset" : "0x000c7"
}
,
{
"is_managed" : "true",
"guid" : "8F2B770C-4A1B-401A-99BA-9ED80A5C09B9",
"token" : "0x60020a5",
"native_offset" : "0x0",
"filename" : "mscorlib.dll",
"sizeofimage" : "0x470000",
"timestamp" : "0xa6d36809",
"il_offset" : "0x000a1"
}
,
{
"is_managed" : "true",
"guid" : "8F2B770C-4A1B-401A-99BA-9ED80A5C09B9",
"token" : "0x60020a9",
"native_offset" : "0x0",
"filename" : "mscorlib.dll",
"sizeofimage" : "0x470000",
"timestamp" : "0xa6d36809",
"il_offset" : "0x00000"
}
,
{
"is_managed" : "true",
"guid" : "7B6D8D81-9F48-4934-AAE9-99CADEAF7AA9",
"token" : "0x6003ffb",
"native_offset" : "0x0",
"filename" : "System.dll",
"sizeofimage" : "0x29a000",
"timestamp" : "0x94577df8",
"il_offset" : "0x0006e"
}
,
{
"is_managed" : "true",
"guid" : "7B6D8D81-9F48-4934-AAE9-99CADEAF7AA9",
"token" : "0x6003ffa",
"native_offset" : "0x0",
"filename" : "System.dll",
"sizeofimage" : "0x29a000",
"timestamp" : "0x94577df8",
"il_offset" : "0x0003c"
}
,
{
"is_managed" : "true",
"guid" : "7B6D8D81-9F48-4934-AAE9-99CADEAF7AA9",
"token" : "0x6003ff5",
"native_offset" : "0x0",
"filename" : "System.dll",
"sizeofimage" : "0x29a000",
"timestamp" : "0x94577df8",
"il_offset" : "0x00000"
}
,
{
"is_managed" : "true",
"guid" : "772865CD-AE2D-4BFF-9C30-5A06338CABCF",
"token" : "0x6000b6c",
"native_offset" : "0x0",
"filename" : "Burst.Compiler.IL.dll",
"sizeofimage" : "0x1a4000",
"timestamp" : "0x8dcf0254",
"il_offset" : "0x00024"
}
,
{
"is_managed" : "true",
"guid" : "772865CD-AE2D-4BFF-9C30-5A06338CABCF",
"token" : "0x6000bc3",
"native_offset" : "0x0",
"filename" : "Burst.Compiler.IL.dll",
"sizeofimage" : "0x1a4000",
"timestamp" : "0x8dcf0254",
"il_offset" : "0x00096"
}
,
{
"is_managed" : "true",
"guid" : "8F2B770C-4A1B-401A-99BA-9ED80A5C09B9",
"token" : "0x6001f7d",
"native_offset" : "0x0",
"filename" : "mscorlib.dll",
"sizeofimage" : "0x470000",
"timestamp" : "0xa6d36809",
"il_offset" : "0x00014"
}
,
{
"is_managed" : "true",
"guid" : "8F2B770C-4A1B-401A-99BA-9ED80A5C09B9",
"token" : "0x6001f25",
"native_offset" : "0x0",
"filename" : "mscorlib.dll",
"sizeofimage" : "0x470000",
"timestamp" : "0xa6d36809",
"il_offset" : "0x00071"
}
,
{
"is_managed" : "true",
"guid" : "8F2B770C-4A1B-401A-99BA-9ED80A5C09B9",
"token" : "0x6001f23",
"native_offset" : "0x0",
"filename" : "mscorlib.dll",
"sizeofimage" : "0x470000",
"timestamp" : "0xa6d36809",
"il_offset" : "0x00000"
}
,
{
"is_managed" : "true",
"guid" : "8F2B770C-4A1B-401A-99BA-9ED80A5C09B9",
"token" : "0x6001f22",
"native_offset" : "0x0",
"filename" : "mscorlib.dll",
"sizeofimage" : "0x470000",
"timestamp" : "0xa6d36809",
"il_offset" : "0x0002b"
}
,
{
"is_managed" : "true",
"guid" : "8F2B770C-4A1B-401A-99BA-9ED80A5C09B9",
"token" : "0x6001f7f",
"native_offset" : "0x0",
"filename" : "mscorlib.dll",
"sizeofimage" : "0x470000",
"timestamp" : "0xa6d36809",
"il_offset" : "0x00008"
}
,
{
"is_managed" : "true",
"guid" : "8F2B770C-4A1B-401A-99BA-9ED80A5C09B9",
"token" : "0x00000",
"native_offset" : "0x0",
"filename" : "mscorlib.dll",
"sizeofimage" : "0x470000",
"timestamp" : "0xa6d36809",
"il_offset" : "0x00065"
}

],
"unmanaged_frames" : [
{
"is_managed" : "false",
"native_address" : "0x17d90d5f8",
"native_offset" : "0x00000"
}
,
{
"is_managed" : "false",
"native_address" : "0x17da446b8",
"native_offset" : "0x00000"
}
,
{
"is_managed" : "false",
"native_address" : "0x17da44a14",
"native_offset" : "0x00000"
}
,
{
"is_managed" : "false",
"native_address" : "0x17da447dc",
"native_offset" : "0x00000"
}
,
{
"is_managed" : "false",
"native_address" : "0x17d94e60c",
"native_offset" : "0x00000"
}
,
{
"is_managed" : "false",
"native_address" : "0x1a0c52a24",
"native_offset" : "0x00000"
}
,
{
"is_managed" : "false",
"native_address" : "0x1a0c24574",
"native_offset" : "0x00000"
}
,
{
"is_managed" : "false",
"native_address" : "0x17da93e94",
"native_offset" : "0x00000"
}
,
{
"is_managed" : "false",
"native_address" : "0x17da50cb0",
"native_offset" : "0x00000"
}
,
{
"is_managed" : "false",
"native_address" : "0x17da50928",
"native_offset" : "0x00000"
}
,
{
"is_managed" : "false",
"native_address" : "0x17da3f888",
"native_offset" : "0x00000"
}
,
{
"is_managed" : "false",
"native_address" : "0x17d9e9fd4",
"native_offset" : "0x00000"
}
,
{
"is_managed" : "true",
"guid" : "8F2B770C-4A1B-401A-99BA-9ED80A5C09B9",
"token" : "0x00000",
"native_offset" : "0x0",
"filename" : "mscorlib.dll",
"sizeofimage" : "0x470000",
"timestamp" : "0xa6d36809",
"il_offset" : "0x00000"
}
,
{
"is_managed" : "true",
"guid" : "8F2B770C-4A1B-401A-99BA-9ED80A5C09B9",
"token" : "0x60020b3",
"native_offset" : "0x0",
"filename" : "mscorlib.dll",
"sizeofimage" : "0x470000",
"timestamp" : "0xa6d36809",
"il_offset" : "0x00000"
}
,
{
"is_managed" : "true",
"guid" : "8F2B770C-4A1B-401A-99BA-9ED80A5C09B9",
"token" : "0x60020a5",
"native_offset" : "0x0",
"filename" : "mscorlib.dll",
"sizeofimage" : "0x470000",
"timestamp" : "0xa6d36809",
"il_offset" : "0x00000"
}
,
{
"is_managed" : "true",
"guid" : "8F2B770C-4A1B-401A-99BA-9ED80A5C09B9",
"token" : "0x60020a9",
"native_offset" : "0x0",
"filename" : "mscorlib.dll",
"sizeofimage" : "0x470000",
"timestamp" : "0xa6d36809",
"il_offset" : "0x00000"
}
,
{
"is_managed" : "true",
"guid" : "7B6D8D81-9F48-4934-AAE9-99CADEAF7AA9",
"token" : "0x6003ffb",
"native_offset" : "0x0",
"filename" : "System.dll",
"sizeofimage" : "0x29a000",
"timestamp" : "0x94577df8",
"il_offset" : "0x00000"
}
,
{
"is_managed" : "true",
"guid" : "7B6D8D81-9F48-4934-AAE9-99CADEAF7AA9",
"token" : "0x6003ffa",
"native_offset" : "0x0",
"filename" : "System.dll",
"sizeofimage" : "0x29a000",
"timestamp" : "0x94577df8",
"il_offset" : "0x00000"
}
,
{
"is_managed" : "true",
"guid" : "7B6D8D81-9F48-4934-AAE9-99CADEAF7AA9",
"token" : "0x6003ff5",
"native_offset" : "0x0",
"filename" : "System.dll",
"sizeofimage" : "0x29a000",
"timestamp" : "0x94577df8",
"il_offset" : "0x00000"
}
,
{
"is_managed" : "true",
"guid" : "772865CD-AE2D-4BFF-9C30-5A06338CABCF",
"token" : "0x6000b6c",
"native_offset" : "0x0",
"filename" : "Burst.Compiler.IL.dll",
"sizeofimage" : "0x1a4000",
"timestamp" : "0x8dcf0254",
"il_offset" : "0x00000"
}
,
{
"is_managed" : "true",
"guid" : "772865CD-AE2D-4BFF-9C30-5A06338CABCF",
"token" : "0x6000bc3",
"native_offset" : "0x0",
"filename" : "Burst.Compiler.IL.dll",
"sizeofimage" : "0x1a4000",
"timestamp" : "0x8dcf0254",
"il_offset" : "0x00000"
}
,
{
"is_managed" : "true",
"guid" : "8F2B770C-4A1B-401A-99BA-9ED80A5C09B9",
"token" : "0x6001f7d",
"native_offset" : "0x0",
"filename" : "mscorlib.dll",
"sizeofimage" : "0x470000",
"timestamp" : "0xa6d36809",
"il_offset" : "0x00000"
}
,
{
"is_managed" : "true",
"guid" : "8F2B770C-4A1B-401A-99BA-9ED80A5C09B9",
"token" : "0x6001f25",
"native_offset" : "0x0",
"filename" : "mscorlib.dll",
"sizeofimage" : "0x470000",
"timestamp" : "0xa6d36809",
"il_offset" : "0x00000"
}
,
{
"is_managed" : "true",
"guid" : "8F2B770C-4A1B-401A-99BA-9ED80A5C09B9",
"token" : "0x6001f23",
"native_offset" : "0x0",
"filename" : "mscorlib.dll",
"sizeofimage" : "0x470000",
"timestamp" : "0xa6d36809",
"il_offset" : "0x00000"
}
,
{
"is_managed" : "true",
"guid" : "8F2B770C-4A1B-401A-99BA-9ED80A5C09B9",
"token" : "0x6001f22",
"native_offset" : "0x0",
"filename" : "mscorlib.dll",
"sizeofimage" : "0x470000",
"timestamp" : "0xa6d36809",
"il_offset" : "0x00000"
}
,
{
"is_managed" : "true",
"guid" : "8F2B770C-4A1B-401A-99BA-9ED80A5C09B9",
"token" : "0x6001f7f",
"native_offset" : "0x0",
"filename" : "mscorlib.dll",
"sizeofimage" : "0x470000",
"timestamp" : "0xa6d36809",
"il_offset" : "0x00000"
}
,
{
"is_managed" : "true",
"guid" : "8F2B770C-4A1B-401A-99BA-9ED80A5C09B9",
"token" : "0x00000",
"native_offset" : "0x0",
"filename" : "mscorlib.dll",
"sizeofimage" : "0x470000",
"timestamp" : "0xa6d36809",
"il_offset" : "0x00000"
}
,
{
"is_managed" : "false",
"native_address" : "0x17d89d178",
"native_offset" : "0x00000"
}
,
{
"is_managed" : "false",
"native_address" : "0x17da233ec",
"native_offset" : "0x00000"
}
,
{
"is_managed" : "false",
"native_address" : "0x17da24ffc",
"native_offset" : "0x00000"
}
,
{
"is_managed" : "false",
"native_address" : "0x17da45518",
"native_offset" : "0x00000"
}
,
{
"is_managed" : "false",
"native_address" : "0x17da452d0",
"native_offset" : "0x00000"
}
,
{
"is_managed" : "false",
"native_address" : "0x17dac4d18",
"native_offset" : "0x00000"
}
,
{
"is_managed" : "false",
"native_address" : "0x17dac4ca0",
"native_offset" : "0x00000"
}
,
{
"is_managed" : "false",
"native_address" : "0x1a0c23fa8",
"native_offset" : "0x00000"
}
,
{
"is_managed" : "false",
"native_address" : "0x1a0c1eda0",
"native_offset" : "0x00000"
}

]
}
]
}